A1,A2,A3,A4,A5,A6,A7,A8,A9,A10,A11,A12,A13,A14,A15,cls
2,30.8,0.0,2,1,13,8,1.2,1,1,1.0,0,0,202.0,0.0,1
1,58.7,4.5,2,1,11,4,3.0,1,1,6.0,0,0,43.0,560.0,1
1,24.5,0.5,2,1,11,4,1.5,1,0,0.0,0,0,280.0,824.0,1
2,27.8,1.5,2,1,13,8,3.8,1,1,5.0,1,0,100.0,3.0,1
2,20.2,5.6,2,1,13,8,1.7,1,0,0.0,0,2,120.0,0.0,1
2,32.1,4.0,2,1,10,8,2.5,1,0,0.0,1,0,360.0,0.0,1
2,33.2,1.0,2,1,12,4,6.5,1,0,0.0,1,0,164.0,31285.0,1
1,22.9,11.6,2,1,3,8,0.0,1,0,0.0,0,0,80.0,1349.0,1
2,54.4,0.5,3,3,9,4,4.0,1,0,0.0,0,0,180.0,314.0,1
2,42.5,4.9,3,3,13,8,3.2,1,0,0.0,1,0,52.0,1442.0,1
2,22.1,0.8,2,1,2,4,2.2,0,0,0.0,1,0,128.0,0.0,1
2,29.9,1.8,2,1,2,4,4.3,1,0,0.0,0,0,260.0,200.0,1
1,38.2,6.0,2,1,9,8,1.0,1,0,0.0,1,0,0.0,0.0,1
2,48.1,6.0,2,1,9,8,0.0,0,0,0.0,0,0,0.0,2690.0,1
1,45.8,10.5,2,1,11,8,5.0,1,1,7.0,1,0,0.0,0.0,1
2,36.7,4.4,3,3,9,8,0.2,1,1,10.0,1,0,320.0,0.0,1
2,28.2,0.9,2,1,10,8,1.0,1,1,3.0,1,0,396.0,0.0,1
1,23.2,5.9,2,1,11,8,3.2,1,1,10.0,0,0,120.0,245.0,1
2,21.8,0.2,2,1,4,4,0.7,1,0,0.0,1,0,0.0,0.0,1
1,19.2,8.6,2,1,3,4,0.8,1,1,7.0,0,0,96.0,0.0,1
2,25.0,11.2,2,1,2,8,2.5,1,1,17.0,0,0,200.0,1208.0,1
2,23.2,1.0,2,1,2,8,0.8,1,0,0.0,0,2,300.0,0.0,1
1,47.8,8.0,2,1,2,8,7.9,1,1,6.0,1,0,0.0,1260.0,1
1,27.4,14.5,2,1,14,4,3.1,1,1,1.0,0,0,120.0,11.0,1
1,41.2,6.5,2,1,11,8,0.5,1,1,3.0,1,0,145.0,0.0,1
1,15.8,0.6,2,1,2,4,1.5,1,1,2.0,0,0,100.0,0.0,1
1,47.0,13.0,2,1,7,1,5.2,1,1,9.0,1,0,0.0,0.0,1
2,56.6,18.5,2,1,4,1,15.0,1,1,17.0,1,0,0.0,0.0,1
2,57.4,8.5,2,1,5,4,7.0,1,1,3.0,0,0,0.0,0.0,1
2,42.1,1.0,2,1,13,8,5.0,1,1,6.0,1,0,500.0,10000.0,1
2,29.2,14.8,2,1,1,8,5.0,1,1,5.0,1,0,168.0,0.0,1
2,42.0,9.8,2,1,14,4,8.0,1,1,8.0,0,0,0.0,0.0,1
2,49.5,7.6,2,1,7,1,7.6,1,1,15.0,1,0,0.0,5000.0,1
1,36.8,5.1,2,1,5,8,5.0,1,0,0.0,1,0,0.0,4000.0,1
1,22.6,10.8,2,1,11,8,0.4,1,1,5.0,1,0,0.0,560.0,1
2,27.8,1.5,2,1,13,8,2.0,1,1,11.0,1,0,434.0,35.0,1
2,27.2,1.6,2,1,3,4,1.8,1,1,12.0,1,0,583.0,713.0,1
1,23.0,11.8,2,1,14,4,0.5,1,1,2.0,1,0,300.0,551.0,1
2,27.8,0.6,3,3,3,8,0.2,1,1,2.0,0,0,260.0,500.0,1
2,54.6,9.4,2,1,6,3,14.4,1,1,11.0,1,0,30.0,300.0,1
2,34.2,9.2,2,1,2,8,4.5,1,1,12.0,1,0,0.0,221.0,1
2,28.9,15.0,2,1,2,4,5.3,1,1,11.0,0,0,0.0,2283.0,1
2,29.7,1.4,2,1,13,4,0.8,1,1,1.0,0,0,240.0,100.0,1
2,39.6,13.9,2,1,13,8,8.6,1,1,6.0,1,0,70.0,0.0,1
2,56.4,28.0,3,3,2,8,28.5,1,1,40.0,0,0,0.0,15.0,1
2,54.3,6.8,2,1,2,4,2.6,1,1,11.0,1,0,0.0,284.0,1
1,41.0,2.0,3,3,11,4,0.1,1,1,23.0,1,0,455.0,1236.0,1
2,31.9,4.5,2,1,3,4,6.0,1,1,3.0,0,0,311.0,300.0,1
2,41.5,1.5,2,1,7,1,3.5,0,0,0.0,0,0,216.0,0.0,1
2,23.9,0.7,2,1,2,8,0.2,0,0,0.0,0,0,100.0,0.0,1
1,25.8,0.5,2,1,2,4,0.9,1,0,0.0,1,0,491.0,0.0,1
2,26.0,1.0,2,1,11,8,1.8,1,0,0.0,1,0,280.0,0.0,1
2,37.4,2.0,2,1,13,8,0.0,1,0,0.0,1,0,400.0,5800.0,1
2,34.9,2.5,2,1,13,8,0.0,1,0,0.0,1,0,239.0,200.0,1
2,34.2,3.0,2,1,3,4,7.4,1,0,0.0,1,0,0.0,0.0,1
2,23.3,11.6,3,3,13,8,0.8,1,0,0.0,1,0,160.0,300.0,1
2,23.2,0.0,2,1,3,8,0.1,1,0,0.0,0,0,0.0,0.0,1
2,44.3,0.5,2,1,7,4,5.0,1,0,0.0,1,0,320.0,0.0,1
2,35.2,4.5,2,1,14,4,5.8,0,0,0.0,1,2,711.0,0.0,1
2,43.2,3.0,2,1,11,4,6.0,1,1,11.0,0,0,80.0,0.0,1
2,56.8,12.2,2,1,10,8,1.2,1,1,4.0,1,0,200.0,0.0,1
2,31.7,16.2,2,1,4,8,3.0,1,1,9.0,0,0,250.0,730.0,1
1,23.4,0.8,3,3,11,8,1.5,1,1,2.0,1,0,80.0,400.0,1
1,20.4,0.8,2,1,11,8,1.6,1,1,1.0,0,0,0.0,0.0,1
2,26.7,4.2,2,1,3,8,4.3,1,1,1.0,1,0,120.0,0.0,1
2,34.2,1.5,2,1,3,8,1.5,1,1,1.0,1,0,520.0,50000.0,1
1,36.0,1.0,2,1,2,8,2.0,1,1,11.0,0,0,0.0,456.0,1
2,25.5,0.4,2,1,10,8,0.2,1,1,3.0,0,0,260.0,15108.0,1
2,19.4,6.5,2,1,13,4,1.5,1,1,7.0,0,0,80.0,2954.0,1
2,35.2,25.1,2,1,14,4,1.6,1,1,1.0,1,0,515.0,500.0,1
2,32.3,7.5,2,1,5,1,1.6,1,0,0.0,1,2,420.0,0.0,0
2,34.8,4.0,2,1,4,1,12.5,1,0,0.0,1,0,184.0,0.0,0
1,38.6,5.0,2,1,3,8,13.5,1,0,0.0,1,0,980.0,0.0,0
2,44.2,0.5,2,1,10,8,10.8,1,0,0.0,0,2,400.0,0.0,0
2,44.8,7.0,3,3,2,8,1.6,0,0,0.0,0,0,160.0,2.0,0
2,20.7,5.3,2,1,11,8,0.4,1,1,1.0,0,0,160.0,0.0,0
2,34.1,6.5,2,1,1,8,0.1,1,0,0.0,1,0,443.0,0.0,0
1,19.2,0.6,3,3,1,8,0.6,1,0,0.0,1,0,160.0,0.0,0
2,21.7,1.2,3,3,9,8,2.5,1,1,1.0,0,0,180.0,20.0,0
2,21.5,9.8,2,1,2,8,0.2,1,0,0.0,0,0,140.0,0.0,0
2,49.6,19.0,2,1,6,3,0.0,1,1,1.0,0,0,94.0,0.0,0
1,27.7,1.5,2,1,10,8,2.0,1,0,0.0,0,2,368.0,0.0,0
2,39.8,0.5,2,1,10,8,0.2,1,0,0.0,0,2,288.0,0.0,0
1,31.6,3.5,2,1,4,8,3.0,1,0,0.0,1,0,300.0,0.0,0
2,27.2,0.6,2,1,1,8,0.5,1,0,0.0,1,0,200.0,0.0,0
2,37.2,4.0,2,1,2,1,5.0,1,0,0.0,1,2,280.0,0.0,0
2,31.6,0.4,2,1,4,8,0.9,1,0,0.0,1,2,928.0,0.0,0
2,25.7,2.2,3,3,1,8,4.0,1,0,0.0,0,0,188.0,0.0,0
2,34.0,4.5,2,1,1,8,1.0,1,0,0.0,1,0,240.0,0.0,0
1,49.0,1.5,2,1,8,5,0.0,1,0,0.0,1,0,100.0,27.0,0
2,62.5,12.8,3,3,2,4,5.0,1,0,0.0,0,0,112.0,0.0,0
2,31.4,15.5,2,1,2,8,0.5,1,0,0.0,0,0,120.0,0.0,0
2,31.6,5.0,3,3,1,8,8.5,1,0,0.0,0,0,0.0,0.0,0
2,52.3,1.4,3,3,2,4,9.5,1,0,0.0,1,0,200.0,100.0,0
2,28.8,1.5,3,3,2,8,1.5,1,0,0.0,1,0,0.0,225.0,0
1,28.6,3.5,2,1,7,1,0.5,1,0,0.0,1,0,171.0,0.0,0
2,23.0,0.6,3,3,1,8,0.1,1,0,0.0,0,0,180.0,1.0,0
2,31.6,0.5,2,1,2,1,0.8,1,0,0.0,1,2,320.0,0.0,0
1,22.5,11.0,3,3,11,8,3.0,1,0,0.0,1,0,268.0,0.0,0
1,28.5,1.0,2,1,11,8,1.0,1,1,2.0,1,0,167.0,500.0,0
2,37.5,1.8,3,3,2,1,0.2,1,0,0.0,1,0,164.0,400.0,0
2,35.2,16.5,3,3,2,8,4.0,1,0,0.0,0,0,80.0,0.0,0
2,18.7,5.0,2,1,11,8,0.4,1,1,2.0,0,0,0.0,38.0,0
2,25.0,12.0,2,1,9,8,2.2,1,1,2.0,1,0,120.0,5.0,0
2,27.8,4.0,3,3,7,4,5.8,1,1,2.0,1,0,75.0,0.0,0
2,54.8,15.5,2,1,5,9,0.0,1,1,20.0,0,0,152.0,130.0,0
2,28.8,1.2,2,1,9,8,0.5,1,0,0.0,0,2,280.0,0.0,0
1,25.0,11.0,3,3,1,8,4.5,1,0,0.0,0,0,120.0,0.0,0
2,40.9,2.2,3,3,14,4,10.0,1,0,0.0,1,0,176.0,0.0,0
1,19.8,0.8,2,1,2,8,0.8,1,1,5.0,1,0,140.0,5.0,0
2,29.2,3.5,2,1,13,8,3.5,1,1,3.0,1,0,329.0,0.0,0
1,24.5,1.0,3,3,6,3,0.5,1,1,3.0,0,0,180.0,147.0,0
2,24.6,12.5,2,1,13,8,0.9,1,0,0.0,1,0,260.0,0.0,0
1,33.8,0.8,2,1,9,1,1.0,1,1,3.0,1,0,212.0,0.0,0
2,20.7,1.2,3,3,2,4,1.4,1,1,3.0,1,0,140.0,210.0,0
1,25.4,1.1,2,1,11,8,1.3,1,1,2.0,0,0,200.0,0.0,0
2,37.8,7.0,2,1,11,4,11.5,1,1,7.0,1,0,300.0,5.0,0
2,52.5,6.5,2,1,9,8,6.3,1,1,15.0,0,0,0.0,11202.0,1
2,57.8,7.0,2,1,10,8,14.0,1,1,6.0,1,0,360.0,1332.0,1
1,20.8,10.3,2,1,3,4,0.3,1,1,1.0,1,0,80.0,50.0,1
2,39.9,6.2,2,1,11,8,0.0,1,1,1.0,0,0,200.0,300.0,1
2,25.7,12.5,2,1,3,8,1.2,1,1,67.0,1,0,140.0,258.0,1
1,24.8,12.5,2,1,1,8,1.5,1,1,12.0,1,0,120.0,567.0,1
1,44.2,6.7,2,1,11,8,7.4,1,1,3.0,1,0,0.0,0.0,1
1,23.5,9.0,2,1,11,8,8.5,1,1,5.0,1,0,120.0,0.0,1
2,34.9,5.0,2,1,14,4,7.5,1,1,6.0,1,0,0.0,1000.0,1
2,47.7,2.5,2,1,10,1,2.5,1,1,12.0,1,0,410.0,2510.0,1
2,22.8,11.0,2,1,11,8,2.5,1,1,7.0,1,0,100.0,809.0,1
2,34.4,4.2,2,1,7,1,3.2,1,1,2.0,0,0,274.0,610.0,1
1,28.4,3.5,2,1,13,8,0.8,1,0,0.0,0,2,280.0,0.0,1
2,67.8,5.5,2,1,5,9,13.0,1,1,1.0,1,0,0.0,0.0,1
2,20.4,1.8,2,1,2,8,2.2,1,1,1.0,0,0,100.0,150.0,1
1,47.4,8.0,2,1,5,1,6.5,1,1,6.0,0,0,375.0,51100.0,1
2,36.2,5.0,2,1,2,1,2.5,1,1,6.0,0,0,0.0,367.0,1
2,32.7,5.5,2,1,11,4,5.5,1,1,12.0,1,0,408.0,1000.0,1
2,48.6,6.5,2,1,11,4,6.0,1,0,0.0,1,0,350.0,0.0,1
2,39.9,0.5,3,3,1,8,0.5,1,1,3.0,0,0,200.0,1000.0,1
2,33.6,2.8,2,1,10,8,4.2,1,1,6.0,0,0,204.0,0.0,1
1,18.8,9.5,2,1,13,8,1.6,1,1,6.0,1,0,40.0,600.0,1
1,26.9,13.5,2,1,11,4,5.0,1,1,2.0,0,0,0.0,5000.0,1
1,31.2,3.8,2,1,3,4,0.6,1,1,9.0,1,0,181.0,0.0,1
1,56.5,16.0,2,1,8,3,0.0,1,1,15.0,0,0,0.0,247.0,1
2,43.0,0.3,3,3,3,4,1.8,1,1,8.0,0,0,100.0,375.0,1
2,22.3,11.0,2,1,13,8,2.0,1,1,1.0,0,0,80.0,278.0,1
2,27.2,1.7,2,1,3,4,5.1,1,1,9.0,0,0,399.0,827.0,1
2,32.8,2.5,2,1,3,4,2.8,1,1,6.0,0,0,160.0,2072.0,1
2,23.2,1.5,2,1,11,8,2.4,1,1,3.0,1,0,0.0,582.0,1
1,40.3,7.5,3,3,11,4,8.0,1,1,14.0,0,0,0.0,2300.0,1
1,30.5,6.5,2,1,2,1,4.0,1,1,7.0,1,0,0.0,3065.0,1
1,52.8,15.0,2,1,2,8,5.5,1,1,14.0,0,0,0.0,2200.0,1
1,46.7,0.5,2,1,3,4,0.4,1,1,11.0,1,0,440.0,6.0,1
1,58.3,10.0,2,1,11,8,4.0,1,1,14.0,0,0,0.0,1602.0,1
2,37.3,6.5,2,1,10,4,4.2,1,1,12.0,1,0,93.0,0.0,1
2,23.1,2.5,2,1,2,8,1.1,1,1,11.0,1,0,60.0,2184.0,1
2,32.8,1.5,2,1,3,4,5.5,1,1,3.0,1,0,0.0,0.0,1
1,21.7,11.5,3,3,8,5,0.0,1,1,11.0,1,0,0.0,0.0,1
1,28.5,3.0,3,3,14,4,2.5,1,1,1.0,0,0,70.0,0.0,1
1,68.7,15.0,2,1,5,9,0.0,1,1,14.0,0,0,0.0,3376.0,1
2,28.0,2.0,2,1,9,4,4.2,1,1,2.0,1,0,181.0,0.0,1
2,34.1,0.1,3,3,10,1,0.0,1,1,1.0,1,0,280.0,2000.0,1
2,27.7,2.0,2,1,14,4,1.0,1,1,4.0,0,0,140.0,7544.0,1
2,44.0,2.0,2,1,10,8,1.8,1,1,2.0,1,0,0.0,15.0,1
2,25.1,1.7,2,1,14,8,1.7,1,1,1.0,1,0,395.0,20.0,1
2,32.0,1.8,3,3,5,4,0.0,1,0,0.0,1,0,393.0,0.0,1
1,60.6,16.5,2,1,11,8,11.0,1,0,0.0,1,0,21.0,10561.0,1
1,40.8,10.0,2,1,11,4,1.8,1,0,0.0,0,0,29.0,837.0,1
2,19.3,9.5,2,1,11,8,1.0,1,0,0.0,1,0,60.0,400.0,1
1,32.3,0.5,2,1,3,8,0.0,1,0,0.0,0,0,440.0,11177.0,1
2,36.7,3.2,2,1,11,4,9.0,1,0,0.0,1,0,102.0,639.0,1
2,37.5,1.1,3,3,4,8,1.5,0,0,0.0,1,0,431.0,0.0,1
1,25.1,2.5,3,3,1,8,0.2,1,0,0.0,1,0,370.0,0.0,1
2,41.3,0.0,2,1,2,1,15.0,1,0,0.0,0,0,0.0,0.0,1
2,56.0,12.5,2,1,9,4,8.0,1,0,0.0,1,0,24.0,2028.0,1
1,49.8,13.6,2,1,9,4,8.5,1,0,0.0,1,0,0.0,0.0,1
2,22.7,10.5,2,1,11,4,1.3,1,0,0.0,0,0,100.0,0.0,1
2,27.0,1.5,3,3,13,8,0.4,1,0,0.0,1,0,260.0,1065.0,1
2,25.0,12.5,2,1,1,8,3.0,1,0,0.0,1,2,20.0,0.0,1
1,26.1,8.7,2,1,1,8,1.4,1,0,0.0,0,0,160.0,150.0,1
1,18.4,9.2,2,1,11,8,1.2,1,1,4.0,0,0,60.0,540.0,1
2,20.2,8.2,2,1,1,8,2.0,1,1,14.0,0,0,60.0,158.0,1
2,47.7,0.3,2,1,2,1,15.0,1,1,20.0,0,0,0.0,15000.0,1
1,21.2,2.3,2,1,7,1,0.5,1,1,4.0,0,2,80.0,0.0,1
1,20.7,3.0,2,1,11,8,0.2,1,1,3.0,0,0,100.0,6.0,1
1,57.1,19.5,2,1,2,8,5.5,1,1,7.0,0,0,0.0,3000.0,1
1,22.4,5.7,2,1,11,8,2.6,1,1,7.0,0,0,129.0,3257.0,1
2,48.8,8.5,2,1,2,4,12.5,1,1,9.0,0,0,181.0,1655.0,1
2,40.0,6.5,2,1,1,1,3.5,1,1,1.0,0,0,0.0,500.0,1
2,40.6,5.0,2,1,2,8,5.0,1,1,7.0,0,0,0.0,3065.0,1
1,28.7,1.0,2,1,2,8,2.5,1,1,5.0,1,0,300.0,1430.0,1
1,33.1,4.6,2,1,11,4,1.6,1,1,2.0,0,0,0.0,0.0,1
2,21.3,10.5,2,1,2,8,3.0,1,0,0.0,1,0,0.0,0.0,1
2,42.0,0.2,2,1,7,4,5.1,1,0,0.0,0,0,400.0,0.0,1
2,41.8,1.0,2,1,14,8,2.5,1,0,0.0,0,0,510.0,600.0,1
2,22.7,1.6,3,3,13,8,3.1,1,1,6.0,0,0,80.0,0.0,1
2,34.5,4.0,3,3,7,1,8.5,1,1,7.0,1,0,195.0,0.0,1
2,28.2,5.0,3,3,2,1,1.5,1,1,8.0,1,0,144.0,7.0,1
2,33.2,3.2,3,3,14,8,3.2,1,1,3.0,1,0,380.0,0.0,1
2,48.2,7.6,2,1,13,4,15.5,1,1,12.0,0,0,0.0,790.0,1
2,27.6,2.0,3,3,1,8,2.0,1,1,3.0,1,0,370.0,560.0,1
2,22.6,10.0,2,1,14,8,0.0,1,1,9.0,0,0,60.0,396.0,1
1,24.1,0.5,2,1,11,4,1.2,1,1,1.0,0,0,0.0,678.0,1
1,41.3,1.0,2,1,7,1,2.2,1,0,0.0,1,0,0.0,300.0,1
2,24.8,2.8,2,1,2,8,2.2,1,1,6.0,0,0,184.0,600.0,1
1,20.8,10.2,2,1,11,8,0.7,1,1,2.0,1,0,49.0,0.0,1
2,36.3,2.1,3,3,13,8,0.1,1,1,1.0,0,0,50.0,1187.0,1
1,35.4,12.0,2,1,11,4,14.0,1,1,8.0,0,0,0.0,6590.0,1
1,71.6,0.0,0,0,0,0,0.0,0,0,0.0,0,1,184.0,0.0,1
2,28.7,9.3,2,1,11,4,5.7,1,1,6.0,0,0,381.0,168.0,1
2,35.2,2.5,2,1,9,8,4.5,1,1,7.0,0,0,150.0,1270.0,1
2,39.5,4.2,2,1,2,1,6.5,1,1,16.0,0,0,117.0,1210.0,1
2,39.3,5.9,2,1,3,4,10.0,1,1,14.0,1,0,399.0,0.0,1
2,24.3,6.6,3,3,4,8,5.5,1,0,0.0,1,2,100.0,0.0,1
2,60.1,14.5,2,1,6,3,18.0,1,1,15.0,1,0,0.0,1000.0,1
2,23.1,11.5,2,1,7,8,3.5,1,1,9.0,0,0,56.0,742.0,1
2,26.7,2.7,3,3,3,8,5.2,1,1,1.0,0,0,211.0,0.0,1
2,48.2,3.5,2,1,1,8,3.5,1,0,0.0,0,2,230.0,0.0,1
2,41.2,4.0,2,1,3,4,7.0,1,1,8.0,0,0,320.0,0.0,1
2,55.9,11.5,2,1,6,3,5.0,1,1,5.0,0,0,0.0,8851.0,1
2,53.9,9.6,2,1,5,8,8.7,1,1,5.0,0,0,0.0,0.0,1
1,18.9,9.2,3,3,2,8,1.0,1,1,4.0,1,0,80.0,500.0,1
1,50.1,12.5,2,1,1,8,2.3,1,1,3.0,1,0,156.0,0.0,1
2,65.4,11.0,2,1,5,9,20.0,1,1,7.0,1,0,22.0,0.0,1
1,17.6,9.0,2,1,1,8,1.4,1,0,0.0,1,0,0.0,0.0,1
1,18.8,9.5,2,1,1,8,0.1,1,0,0.0,0,0,100.0,0.0,1
1,37.8,5.5,2,1,11,8,0.1,1,0,0.0,1,0,228.0,0.0,1
2,23.2,4.0,2,1,2,1,0.2,1,0,0.0,1,0,160.0,0.0,1
2,18.1,5.5,2,1,9,8,0.5,1,0,0.0,0,0,80.0,0.0,1
1,22.5,8.5,3,3,14,8,2.5,0,0,0.0,0,0,164.0,0.0,1
2,19.7,0.4,2,1,11,8,2.0,1,1,2.0,1,0,80.0,0.0,1
2,22.1,11.0,2,1,3,8,0.7,1,0,0.0,0,0,100.0,0.0,1
2,25.2,3.5,2,1,3,8,0.6,1,1,7.0,0,0,0.0,7059.0,1
1,47.4,3.0,2,1,14,8,13.9,1,1,2.0,1,0,519.0,1704.0,1
2,33.5,1.8,2,1,14,4,4.5,1,1,4.0,1,0,253.0,857.0,1
2,27.7,13.8,2,1,13,8,5.8,1,0,0.0,1,0,487.0,500.0,1
1,58.4,21.0,2,1,7,1,10.0,1,1,13.0,0,0,0.0,6700.0,1
1,20.7,1.8,2,1,11,8,2.1,1,1,5.0,0,0,220.0,2503.0,1
2,26.2,0.2,2,1,7,1,0.0,1,0,0.0,1,0,0.0,0.0,1
2,21.3,7.5,2,1,1,8,1.4,1,1,1.0,0,0,80.0,9800.0,1
2,42.8,4.6,2,1,11,8,4.6,1,0,0.0,0,2,0.0,0.0,1
2,38.2,10.1,2,1,14,8,2.5,1,1,6.0,0,0,520.0,196.0,1
2,20.5,10.0,3,3,2,8,2.5,1,0,0.0,0,2,40.0,0.0,1
2,48.2,25.1,2,1,13,8,1.8,1,1,3.0,0,0,120.0,14.0,1
2,28.3,5.0,2,1,13,8,11.0,1,0,0.0,1,0,70.0,0.0,1
1,18.8,7.5,2,1,11,8,2.7,1,1,5.0,0,0,184.0,26726.0,1
2,18.5,2.0,2,1,7,8,1.5,1,1,2.0,0,0,120.0,300.0,1
2,33.2,3.0,3,3,2,4,2.0,1,1,1.0,1,0,180.0,18027.0,1
2,45.0,8.5,2,1,3,4,14.0,1,1,1.0,1,0,88.0,2000.0,1
1,19.7,0.2,2,1,11,4,0.3,1,1,11.0,0,0,80.0,99.0,1
0,24.5,12.8,2,1,2,1,4.8,1,1,2.0,0,0,73.0,444.0,1
2,21.8,11.0,2,1,14,8,0.3,1,1,6.0,0,0,121.0,0.0,1
2,40.2,21.5,2,1,5,9,20.0,1,1,11.0,0,0,0.0,1200.0,1
2,41.4,5.0,2,1,11,4,5.0,1,1,6.0,1,0,470.0,0.0,1
1,17.8,11.0,2,1,14,4,1.0,1,1,11.0,0,0,0.0,3000.0,1
2,23.2,11.1,2,1,14,4,0.5,1,1,1.0,0,0,100.0,0.0,1
2,31.6,0.6,2,1,9,8,0.2,0,0,0.0,0,0,380.0,2010.0,0
2,18.2,10.2,2,1,2,4,1.1,0,0,0.0,0,0,320.0,13.0,0
2,20.0,11.0,2,1,2,8,2.0,0,0,0.0,1,0,136.0,0.0,0
2,20.0,0.0,2,1,4,8,0.5,0,0,0.0,0,0,144.0,0.0,0
1,20.8,9.5,2,1,7,8,0.0,0,0,0.0,0,0,200.0,1000.0,0
1,24.5,1.8,3,3,2,8,0.2,0,0,0.0,0,0,132.0,0.0,0
2,32.8,2.3,2,1,4,4,5.8,0,0,0.0,1,0,292.0,0.0,0
1,52.2,0.0,3,3,6,3,0.0,0,0,0.0,0,0,0.0,0.0,0
1,48.2,1.3,2,1,7,7,0.3,0,0,0.0,0,0,0.0,120.0,0
1,20.4,10.5,3,3,14,4,0.0,0,0,0.0,1,0,154.0,32.0,0
2,50.8,0.6,2,1,6,3,0.0,0,0,0.0,0,0,145.0,0.0,0
2,17.1,0.1,3,3,2,8,0.0,0,0,0.0,0,0,140.0,722.0,0
2,18.3,1.2,3,3,5,2,0.0,0,0,0.0,0,0,100.0,0.0,0
1,32.0,6.0,2,1,4,8,1.2,0,0,0.0,0,0,272.0,0.0,0
2,59.7,1.5,2,1,11,8,0.1,1,0,0.0,1,0,260.0,0.0,1
2,18.0,0.2,2,1,11,6,0.2,0,0,0.0,0,0,200.0,40.0,1
2,37.6,0.0,0,0,0,0,0.0,0,0,0.0,0,1,184.0,0.0,1
2,32.3,2.5,2,1,2,8,1.2,0,0,0.0,1,0,280.0,0.0,0
2,18.1,6.8,3,3,10,8,0.0,0,0,0.0,0,0,140.0,0.0,0
2,38.2,10.1,3,3,9,8,0.1,0,0,0.0,0,0,160.0,0.0,0
2,30.7,2.5,2,1,3,4,2.2,0,0,0.0,1,2,340.0,0.0,0
2,18.6,5.7,2,1,4,8,0.5,0,0,0.0,0,0,120.0,0.0,0
1,19.2,5.4,2,1,7,4,0.3,0,0,0.0,0,0,80.0,484.0,0
1,18.2,10.0,3,3,11,4,0.2,0,0,0.0,0,0,340.0,0.0,0
2,24.6,13.5,3,3,6,3,0.0,0,0,0.0,0,0,184.0,0.0,0
2,16.2,0.8,2,1,10,8,0.1,1,0,0.0,0,2,200.0,0.0,0
2,21.2,0.9,3,3,2,4,0.2,0,0,0.0,0,0,280.0,204.0,0
2,23.9,0.6,3,3,3,4,0.1,0,0,0.0,0,0,240.0,1.0,0
2,17.7,4.5,2,1,2,8,0.2,0,0,0.0,0,2,80.0,0.0,0
1,16.5,1.2,2,1,11,8,0.2,0,1,1.0,0,0,108.0,98.0,0
2,23.2,12.6,2,1,2,8,0.1,0,1,2.0,0,0,0.0,5552.0,0
2,17.6,10.0,2,1,13,4,0.2,0,1,1.0,0,0,120.0,1.0,0
1,31.6,1.5,2,1,6,3,0.0,0,1,2.0,1,0,200.0,105.0,0
2,29.5,0.6,2,1,13,8,0.3,0,1,1.0,0,0,340.0,2803.0,0
2,18.8,0.4,3,3,2,8,0.2,0,1,1.0,0,0,200.0,1.0,0
1,21.8,1.8,3,3,8,5,0.0,0,0,0.0,0,0,160.0,0.0,0
2,23.0,0.8,2,1,10,8,0.5,0,0,0.0,1,2,320.0,0.0,0
1,18.2,10.0,2,1,13,8,1.0,0,1,1.0,0,0,120.0,1.0,0
2,25.4,0.5,2,1,13,8,0.2,0,1,1.0,0,0,272.0,444.0,0
2,35.8,2.4,2,1,13,8,0.1,0,1,2.0,0,0,220.0,1.0,0
1,16.1,0.3,2,1,6,3,0.0,0,1,1.0,0,0,160.0,126.0,0
1,31.9,3.1,2,1,6,3,3.0,0,1,2.0,1,0,200.0,4.0,0
2,69.2,9.0,2,1,6,3,4.0,0,1,1.0,0,0,70.0,6.0,0
2,32.9,2.5,2,1,1,8,1.8,0,1,2.0,1,0,720.0,0.0,0
2,16.3,2.8,2,1,1,8,0.7,0,1,1.0,0,0,80.0,21.0,0
2,22.2,12.1,2,1,2,8,3.3,0,1,2.0,1,0,180.0,173.0,0
1,57.6,2.0,2,1,6,3,6.5,0,1,1.0,0,0,0.0,10.0,0
2,18.2,0.2,2,1,4,8,0.2,0,0,0.0,1,2,280.0,0.0,0
2,23.4,1.0,2,1,2,8,0.5,0,0,0.0,1,2,280.0,0.0,0
1,15.9,2.9,2,1,11,8,0.1,0,0,0.0,0,0,120.0,0.0,0
1,24.8,13.7,2,1,11,4,1.5,0,0,0.0,0,0,280.0,1.0,0
2,48.8,26.3,3,3,6,3,0.0,1,0,0.0,1,0,0.0,0.0,0
2,23.5,2.8,2,1,6,3,4.5,0,0,0.0,0,0,160.0,25.0,0
2,18.6,10.3,2,1,6,3,0.4,0,0,0.0,0,0,80.0,0.0,0
2,27.8,1.3,2,1,9,4,0.2,0,0,0.0,1,2,140.0,0.0,0
1,31.8,3.0,3,3,8,5,0.0,0,0,0.0,0,0,160.0,20.0,0
1,24.8,4.5,2,1,13,8,1.0,0,0,0.0,1,0,360.0,6.0,0
2,19.0,1.8,3,3,2,8,2.3,0,0,0.0,1,0,112.0,6.0,0
1,16.3,0.2,2,1,1,8,0.1,0,0,0.0,0,0,200.0,1.0,0
1,18.6,10.0,2,1,4,8,0.4,0,0,0.0,0,0,80.0,42.0,0
2,16.2,0.0,3,3,1,8,0.2,0,0,0.0,0,0,60.0,0.0,0
2,23.0,0.8,2,1,10,8,0.5,1,0,0.0,1,2,320.0,0.0,0
2,21.2,0.2,3,3,2,4,0.2,0,0,0.0,0,0,280.0,204.0,0
2,17.5,22.0,1,2,6,7,0.0,0,0,0.0,1,1,450.0,100000.0,1
2,19.2,0.0,3,3,10,1,0.0,0,0,0.0,1,2,500.0,1.0,1
2,36.8,0.1,3,3,2,8,1.5,0,0,0.0,1,0,232.0,113.0,1
2,21.2,1.5,2,1,13,8,1.5,0,0,0.0,0,0,150.0,8.0,1
1,18.1,0.4,1,2,3,3,10.0,0,0,0.0,1,2,300.0,0.0,1
1,33.7,0.4,2,1,3,8,0.4,0,0,0.0,0,0,300.0,44.0,1
2,48.6,0.2,3,3,9,8,0.2,1,1,11.0,0,0,380.0,2732.0,1
2,33.7,1.2,2,1,13,8,1.2,0,0,0.0,0,0,120.0,0.0,0
1,29.5,1.1,3,3,14,8,1.0,0,0,0.0,0,0,280.0,13.0,0
2,30.2,1.1,3,3,2,8,0.0,0,0,0.0,0,0,170.0,179.0,0
0,40.8,3.5,2,1,7,1,0.5,0,0,0.0,0,2,1160.0,0.0,0
2,34.8,2.5,3,3,13,8,3.0,0,0,0.0,0,2,200.0,0.0,0
2,31.6,4.0,3,3,7,8,0.1,0,0,0.0,1,0,411.0,0.0,0
2,20.4,0.0,0,0,0,0,0.0,0,0,0.0,0,1,184.0,0.0,0
1,33.2,2.5,3,3,2,8,2.5,0,0,0.0,1,0,0.0,2.0,0
2,34.1,2.5,2,1,2,8,1.0,0,0,0.0,0,0,460.0,16.0,0
1,25.2,12.5,2,1,4,8,1.0,0,0,0.0,1,0,180.0,1062.0,0
2,34.8,2.5,2,1,3,1,0.5,0,0,0.0,0,0,348.0,0.0,0
2,27.7,0.8,2,1,11,4,0.2,0,0,0.0,1,0,220.0,251.0,0
2,47.3,6.5,2,1,2,8,1.0,0,0,0.0,1,0,0.0,228.0,0
1,34.8,1.2,3,3,7,4,0.5,0,0,0.0,1,0,160.0,0.0,0
1,33.2,3.0,3,3,1,8,2.0,0,0,0.0,0,0,180.0,0.0,0
2,28.0,3.0,2,1,13,8,0.8,0,0,0.0,1,0,300.0,67.0,0
1,39.1,4.0,2,1,2,8,3.0,0,0,0.0,0,0,480.0,0.0,0
2,42.8,4.1,2,1,1,8,0.0,0,0,0.0,0,0,108.0,100.0,0
2,26.9,2.2,2,1,7,1,0.5,0,0,0.0,1,0,640.0,4000.0,0
2,33.8,2.8,2,1,7,1,0.0,0,0,0.0,0,0,180.0,0.0,0
2,38.9,1.8,2,1,9,8,0.5,0,0,0.0,1,0,300.0,2.0,0
2,62.8,7.0,2,1,5,9,0.0,0,0,0.0,0,0,0.0,12.0,0
0,32.2,1.5,2,1,2,8,0.2,0,0,0.0,1,0,372.0,122.0,0
2,26.8,4.5,3,3,2,1,2.5,0,0,0.0,0,0,200.0,1210.0,0
2,63.3,0.5,2,1,2,8,0.6,1,1,3.0,1,0,180.0,0.0,0
2,27.8,1.5,2,1,13,8,2.2,0,1,1.0,1,0,100.0,3.0,0
1,26.2,2.0,2,1,8,5,0.0,0,0,0.0,1,0,276.0,1.0,0
2,22.2,0.6,3,3,6,3,0.0,0,0,0.0,0,0,100.0,0.0,0
2,22.5,11.5,3,3,10,8,1.5,0,0,0.0,1,0,0.0,4000.0,0
2,30.8,1.6,2,1,4,8,0.6,0,0,0.0,1,2,0.0,0.0,0
2,36.7,2.0,2,1,7,8,0.2,0,0,0.0,1,0,221.0,0.0,0
1,16.0,0.2,2,1,1,8,1.0,0,1,2.0,1,0,320.0,1.0,0
2,41.2,1.3,2,1,4,8,0.2,0,0,0.0,0,0,168.0,0.0,0
1,19.5,0.2,2,1,11,8,0.0,0,0,0.0,1,0,380.0,0.0,0
2,32.4,3.0,2,1,4,8,0.2,0,0,0.0,1,0,120.0,0.0,0
1,36.8,4.7,2,1,6,3,0.0,0,0,0.0,0,0,160.0,0.0,0
1,30.2,5.5,2,1,9,8,5.5,0,0,0.0,1,2,100.0,0.0,0
2,23.1,2.5,2,1,6,3,0.1,0,0,0.0,1,0,100.0,4208.0,0
2,26.8,0.5,2,1,9,3,0.0,0,0,0.0,0,0,100.0,0.0,0
2,16.9,0.3,3,3,9,8,0.3,0,0,0.0,0,2,200.0,0.0,0
2,24.4,2.0,2,1,5,2,0.2,0,1,2.0,0,0,320.0,1300.0,0
2,42.8,1.2,2,1,10,8,13.9,0,1,1.0,1,0,352.0,112.0,0
1,22.8,6.2,2,1,1,8,0.2,0,0,0.0,0,0,220.0,1000.0,0
2,39.4,1.7,3,3,10,8,0.2,0,0,0.0,0,2,400.0,0.0,0
1,23.6,11.5,3,3,9,4,3.0,0,0,0.0,1,0,20.0,16.0,0
2,21.4,0.8,3,3,12,6,0.8,0,0,0.0,1,0,132.0,2.0,0
2,33.0,2.5,3,3,13,8,7.0,0,0,0.0,1,0,280.0,0.0,0
2,26.3,13.0,2,1,5,2,0.0,0,0,0.0,1,0,140.0,1110.0,0
1,45.0,4.6,2,1,9,4,1.0,0,0,0.0,1,2,240.0,0.0,0
2,26.2,1.5,2,1,13,8,0.1,0,0,0.0,0,0,100.0,0.0,0
0,28.2,0.6,2,1,1,8,0.0,0,0,0.0,0,0,260.0,1004.0,0
1,20.8,0.5,3,3,5,2,1.0,0,0,0.0,0,0,260.0,0.0,0
2,28.7,14.5,2,1,4,8,0.1,0,0,0.0,0,0,0.0,286.0,0
2,20.7,0.8,3,3,2,8,2.0,0,0,0.0,1,2,240.0,0.0,0
2,34.4,1.3,2,1,7,1,0.1,0,0,0.0,1,0,440.0,4500.0,0
2,33.6,0.2,2,1,7,1,4.0,0,0,0.0,1,2,420.0,0.0,0
2,43.2,5.0,2,1,7,1,2.2,0,0,0.0,1,0,141.0,0.0,0
1,22.7,7.0,2,1,2,8,0.2,0,0,0.0,0,0,160.0,0.0,0
1,24.3,2.5,3,3,7,1,4.5,0,0,0.0,0,0,200.0,456.0,0
1,56.8,4.2,3,3,6,3,5.0,0,0,0.0,1,0,0.0,4.0,0
2,22.1,11.5,2,1,9,8,1.6,0,0,0.0,1,0,100.0,1212.0,0
2,34.0,5.5,3,3,2,8,1.5,0,0,0.0,1,0,60.0,0.0,0
2,22.6,1.5,3,3,1,8,0.5,0,0,0.0,1,0,120.0,67.0,0
2,21.2,0.0,2,1,2,8,0.5,0,0,0.0,1,2,0.0,0.0,0
2,26.7,14.6,2,1,7,1,0.0,0,0,0.0,1,0,178.0,0.0,0
2,22.9,0.2,2,1,10,8,0.1,0,0,0.0,0,2,0.0,0.0,0
2,15.2,7.0,2,1,5,8,1.0,0,0,0.0,0,0,600.0,0.0,0
2,39.9,5.0,2,1,7,1,0.2,0,0,0.0,0,0,550.0,0.0,0
2,27.4,12.5,2,1,1,1,0.2,0,0,0.0,1,0,720.0,0.0,0
2,24.8,0.5,2,1,10,8,1.0,0,0,0.0,1,0,120.0,1.0,0
2,41.2,1.2,3,3,13,8,0.2,0,0,0.0,0,0,0.0,195.0,0
1,33.1,1.6,2,1,4,8,0.5,0,0,0.0,1,0,0.0,0.0,0
2,29.8,2.0,3,3,14,4,0.0,0,0,0.0,0,0,128.0,1.0,0
1,23.6,0.6,3,3,6,3,0.1,0,0,0.0,0,0,120.0,87.0,0
2,26.2,12.5,3,3,9,4,1.2,0,0,0.0,1,0,0.0,17.0,0
2,31.0,2.1,2,1,2,8,0.1,0,0,0.0,0,0,300.0,0.0,0
2,20.8,5.1,3,3,8,8,0.3,0,0,0.0,0,0,140.0,184.0,0
2,28.9,0.4,2,1,2,8,0.3,0,0,0.0,0,0,220.0,140.0,0
1,51.9,6.5,2,1,7,1,3.1,0,0,0.0,1,0,73.0,0.0,0
1,22.7,0.3,2,1,11,8,0.8,0,0,0.0,0,2,160.0,0.0,0
2,34.0,5.1,3,3,7,1,1.1,0,0,0.0,1,0,480.0,0.0,0
1,69.5,6.0,2,1,6,3,0.0,0,0,0.0,0,2,0.0,0.0,0
1,40.3,8.1,3,3,9,8,0.2,0,1,2.0,0,0,184.0,18.0,0
1,19.6,0.7,3,3,2,8,1.0,0,1,1.0,0,0,2000.0,2.0,0
2,16.0,3.1,2,1,13,8,0.1,0,1,1.0,0,0,0.0,6.0,0
2,17.1,0.2,2,1,11,8,0.3,0,1,4.0,0,0,160.0,8.0,0
2,31.2,2.8,2,1,6,3,0.0,0,1,5.0,0,0,176.0,146.0,0
2,25.2,3.0,2,1,2,8,1.2,0,1,1.0,0,0,0.0,22.0,0
1,22.7,0.8,2,1,7,8,0.1,0,0,0.0,0,0,144.0,0.0,0
2,40.6,1.5,2,1,7,1,0.0,0,0,0.0,0,2,300.0,0.0,0
2,22.2,0.5,2,1,9,8,0.1,0,0,0.0,1,0,280.0,55.0,0
1,22.2,1.2,3,3,6,3,3.2,0,0,0.0,0,0,280.0,0.0,0
2,22.5,0.1,3,3,9,8,0.1,0,0,0.0,0,0,200.0,70.0,0
2,23.6,1.8,2,1,2,8,0.5,0,0,0.0,1,0,136.0,1.0,0
2,38.4,0.7,2,1,2,8,0.4,0,1,2.0,0,0,225.0,500.0,0
1,26.6,2.5,3,3,6,3,0.0,0,0,0.0,1,0,180.0,60.0,0
2,35.0,2.5,2,1,7,8,1.0,0,0,0.0,1,0,210.0,0.0,0
2,20.4,1.1,2,1,11,8,1.5,0,0,0.0,0,0,108.0,7.0,0
2,29.4,1.2,2,1,13,8,1.8,0,0,0.0,0,0,200.0,0.0,0
2,26.2,0.8,2,1,3,8,1.2,0,0,0.0,0,0,100.0,0.0,0
2,33.7,2.2,2,1,2,8,1.5,0,0,0.0,0,1,120.0,0.0,0
2,24.6,1.2,2,1,2,8,0.2,0,0,0.0,0,0,110.0,0.0,0
1,27.7,2.0,2,1,13,8,0.2,0,0,0.0,1,0,180.0,50.0,0
2,37.5,0.8,2,1,5,8,0.0,0,0,0.0,0,0,120.0,5.0,0
2,49.2,2.3,2,1,6,3,0.3,0,0,0.0,0,0,200.0,3.0,0
2,33.6,0.3,3,3,3,8,0.1,0,0,0.0,0,0,180.0,0.0,0
2,51.8,3.0,3,3,6,3,1.5,0,0,0.0,0,0,180.0,4.0,0
2,22.9,3.2,3,3,2,8,0.2,0,0,0.0,0,0,160.0,1058.0,0
2,21.8,1.5,2,1,9,8,0.1,0,0,0.0,1,0,356.0,0.0,0
2,25.2,1.0,2,1,1,8,0.5,0,0,0.0,0,0,200.0,0.0,0
2,58.6,2.7,2,1,2,8,2.4,0,0,0.0,1,0,320.0,0.0,0
2,19.0,0.0,3,3,6,3,0.0,0,1,4.0,0,0,45.0,1.0,0
2,19.6,0.6,2,1,6,3,0.0,0,1,3.0,0,0,350.0,769.0,0
1,53.3,0.2,2,1,6,3,0.0,0,0,0.0,1,2,62.0,27.0,0
1,27.2,1.2,2,1,6,3,0.0,0,1,1.0,0,0,92.0,300.0,0
2,25.9,0.9,2,1,9,8,0.4,0,1,2.0,1,0,174.0,3.0,0
2,23.1,0.0,2,1,9,8,1.0,0,1,11.0,0,2,0.0,0.0,0
2,39.6,5.0,2,1,6,3,0.0,0,1,2.0,0,0,17.0,1.0,0
2,30.6,2.7,3,3,10,8,0.1,0,0,0.0,1,2,80.0,0.0,0
2,17.2,3.0,2,1,9,8,0.0,0,0,0.0,1,0,160.0,40.0,0
1,17.7,0.0,3,3,8,3,0.0,0,0,0.0,0,0,86.0,0.0,0
1,31.6,11.2,2,1,6,3,0.0,0,0,0.0,0,0,184.0,5200.0,0
2,16.5,0.1,2,1,2,8,0.2,0,0,0.0,0,0,132.0,0.0,0
1,27.3,1.7,2,1,6,3,0.0,0,0,0.0,0,0,340.0,1.0,0
2,31.2,1.1,2,1,6,3,0.0,0,1,1.0,0,0,96.0,19.0,0
2,20.0,7.0,2,1,2,8,0.5,0,0,0.0,0,0,0.0,0.0,0
2,31.6,3.0,3,3,7,1,7.0,0,0,0.0,0,0,0.0,1.0,0
2,39.5,1.6,2,1,2,8,1.5,0,0,0.0,0,0,0.0,316.0,0
2,36.5,4.2,2,1,11,8,3.5,0,0,0.0,0,0,454.0,50.0,0
0,29.8,0.7,2,1,13,8,0.2,0,0,0.0,1,0,300.0,0.0,0
2,52.4,1.5,2,1,4,8,3.8,0,0,0.0,1,0,0.0,350.0,0
2,36.2,18.1,2,1,13,8,0.1,0,0,0.0,0,0,320.0,3552.0,0
2,34.6,0.0,0,0,0,0,0.0,0,0,0.0,0,1,184.0,0.0,0
2,29.7,0.8,3,3,2,8,0.0,0,0,0.0,0,0,240.0,0.0,0
2,36.2,5.5,2,1,7,1,5.0,0,0,0.0,0,0,210.0,687.0,0
2,25.7,0.3,3,3,2,8,1.5,0,0,0.0,1,0,160.0,0.0,0
1,24.5,2.4,3,3,2,8,0.0,0,0,0.0,0,0,120.0,0.0,0
2,24.1,0.9,2,1,10,8,0.1,0,1,4.0,0,0,254.0,1950.0,0
2,21.9,0.5,2,1,2,8,0.1,0,0,0.0,0,0,360.0,0.0,0
1,36.6,0.3,2,1,6,3,0.0,0,1,10.0,0,0,200.0,18.0,0
1,23.0,1.8,2,1,8,5,0.0,0,1,1.0,0,0,200.0,53.0,0
1,27.6,3.0,2,1,10,8,2.8,0,1,1.0,1,0,280.0,10.0,0
2,31.1,3.1,2,1,2,8,2.5,0,1,2.0,1,0,160.0,41.0,0
1,30.4,1.4,2,1,13,4,0.0,0,1,3.0,0,0,0.0,33.0,0
2,22.1,2.3,2,1,9,8,0.8,0,0,0.0,0,0,180.0,0.0,0
2,16.3,4.1,2,1,7,4,0.4,0,0,0.0,1,0,120.0,0.0,0
1,21.9,11.7,2,1,9,4,0.1,0,0,0.0,0,0,320.0,5.0,0
2,21.1,4.1,3,3,7,4,0.0,0,0,0.0,0,0,140.0,100.0,0
2,17.4,6.5,2,1,7,8,0.1,0,0,0.0,0,0,60.0,100.0,0
2,19.2,4.0,3,3,7,8,1.0,0,0,0.0,1,0,360.0,1000.0,0
2,20.7,0.4,2,1,2,8,0.1,0,0,0.0,0,0,0.0,44.0,0
2,26.8,2.0,2,1,4,8,0.8,0,0,0.0,1,0,80.0,0.0,0
2,23.6,0.8,2,1,7,4,0.1,0,0,0.0,1,0,220.0,5.0,0
2,39.2,2.5,3,3,7,4,10.0,0,0,0.0,1,2,200.0,0.0,0
2,22.8,11.5,2,1,7,8,0.4,0,0,0.0,0,0,0.0,0.0,0
0,26.5,2.7,3,3,0,0,0.1,0,0,0.0,0,2,80.0,0.0,0
1,16.9,0.5,2,1,7,8,0.2,0,1,6.0,1,0,240.0,35.0,0
2,23.5,3.2,3,3,9,8,0.4,0,1,1.0,1,0,280.0,80.0,0
1,17.3,9.5,2,1,1,8,1.8,0,1,10.0,1,0,0.0,10.0,0
2,23.8,0.4,3,3,2,8,0.0,0,1,2.0,0,0,128.0,6.0,0
2,34.7,1.1,2,1,10,8,1.2,0,0,0.0,0,2,28.0,0.0,0
2,74.8,19.0,3,3,6,3,0.0,0,1,2.0,0,0,0.0,351.0,0
2,28.2,0.1,3,3,9,8,0.1,0,0,0.0,0,0,216.0,2100.0,0
2,24.5,13.3,3,3,1,8,0.0,0,0,0.0,1,0,120.0,475.0,0
2,18.8,3.5,3,3,6,3,0.0,0,0,0.0,1,0,180.0,1.0,0
0,45.3,1.0,2,1,11,8,0.1,0,0,0.0,1,0,263.0,0.0,0
1,47.2,0.8,2,1,11,4,2.8,1,1,1.0,0,0,333.0,892.0,1
2,24.2,0.9,2,1,11,8,4.6,1,1,2.0,1,0,520.0,2000.0,1
2,39.2,9.5,2,1,10,8,6.5,1,1,14.0,0,0,240.0,4607.0,1
1,20.5,11.8,2,1,2,4,6.0,1,0,0.0,0,0,340.0,0.0,1
1,18.8,4.4,3,3,2,4,3.0,1,0,0.0,0,0,240.0,0.0,1
2,19.2,9.5,2,1,13,8,1.5,1,0,0.0,0,0,120.0,2206.0,1
1,25.0,0.9,2,1,14,4,1.0,1,0,0.0,1,0,160.0,5860.0,1
2,20.2,9.2,2,1,2,8,1.7,1,1,3.0,1,0,40.0,28.0,1
2,25.8,0.5,2,1,2,8,1.5,1,1,5.0,1,0,312.0,0.0,1
2,20.4,7.0,2,1,2,8,1.6,1,1,3.0,0,0,200.0,1391.0,1
2,31.6,4.0,2,1,14,8,5.0,1,1,3.0,1,0,290.0,2279.0,1
2,39.0,5.0,2,1,3,8,3.5,1,1,10.0,1,0,0.0,0.0,1
1,64.1,0.2,2,1,6,3,0.0,1,1,1.0,0,0,232.0,100.0,1
2,28.2,5.1,2,1,14,8,4.8,1,1,2.0,0,0,420.0,7.0,1
1,28.8,3.8,2,1,2,8,1.1,1,1,1.0,1,0,371.0,0.0,1
2,31.3,19.5,2,1,2,8,7.0,1,1,16.0,0,0,0.0,5000.0,1
1,18.9,9.0,2,1,1,8,0.8,1,1,2.0,0,0,88.0,591.0,1
1,24.8,3.0,2,1,11,4,1.8,1,1,19.0,0,0,0.0,500.0,1
1,30.7,12.0,2,1,2,8,2.0,1,1,1.0,0,0,220.0,19.0,1
2,21.0,4.8,3,3,13,8,2.2,1,1,1.0,1,0,80.0,300.0,1
2,13.8,4.0,3,3,13,8,1.8,1,1,2.0,1,0,120.0,1000.0,1
1,46.0,4.0,2,1,8,5,0.0,1,0,0.0,0,0,100.0,960.0,1
1,44.3,0.0,2,1,2,8,2.5,1,0,0.0,0,0,0.0,0.0,1
2,20.2,10.0,2,1,5,2,0.0,1,0,0.0,0,0,0.0,0.0,1
2,22.7,2.5,3,3,2,4,2.6,1,0,0.0,0,0,0.0,0.0,1
2,31.6,10.5,2,1,14,8,6.5,1,0,0.0,0,0,0.0,0.0,1
1,60.9,5.0,2,1,1,8,4.0,1,1,4.0,0,0,0.0,99.0,1
2,16.1,0.8,2,1,2,8,1.8,1,1,5.0,1,0,352.0,690.0,1
1,28.2,0.4,2,1,11,8,0.6,1,1,4.0,0,0,80.0,0.0,1
2,39.2,1.7,2,1,14,8,0.1,1,1,5.0,1,0,480.0,0.0,1
0,20.4,7.5,2,1,9,8,1.5,1,1,1.0,0,0,160.0,234.0,1
1,30.0,5.3,2,1,5,2,2.2,1,1,5.0,1,0,99.0,500.0,1
2,22.8,3.0,2,1,10,8,1.3,1,1,1.0,0,0,260.0,800.0,1
1,22.5,8.5,2,1,11,8,1.8,1,1,10.0,0,0,80.0,990.0,0
1,28.6,1.7,2,1,11,8,2.4,1,0,0.0,1,0,440.0,0.0,0
2,45.2,1.5,2,1,2,8,2.5,1,0,0.0,1,0,140.0,0.0,0
2,41.6,1.8,2,1,9,8,0.2,1,0,0.0,0,0,160.0,0.0,0
1,57.1,0.3,2,1,7,1,1.0,1,0,0.0,1,0,252.0,2197.0,0
1,55.8,7.1,2,1,9,4,6.8,1,1,3.0,1,0,100.0,50.0,0
2,43.2,25.2,2,1,11,4,0.2,1,1,1.0,0,0,760.0,90.0,0
1,25.3,2.1,2,1,2,4,2.8,1,0,0.0,1,0,360.0,1.0,0
1,24.6,0.7,2,1,1,4,1.8,1,0,0.0,0,0,400.0,0.0,0
2,43.2,2.2,2,1,7,1,0.8,1,0,0.0,0,0,560.0,0.0,0
2,40.9,0.8,2,1,6,3,0.0,1,0,0.0,0,0,130.0,1.0,0
2,31.8,2.5,2,1,1,8,7.5,1,0,0.0,1,0,523.0,0.0,0
1,33.9,1.6,3,3,6,3,0.0,1,0,0.0,0,0,320.0,0.0,0
1,24.9,1.2,2,1,6,3,0.0,1,0,0.0,0,0,80.0,0.0,0
2,35.2,3.2,2,1,14,4,3.8,1,0,0.0,1,0,680.0,0.0,0
2,34.2,1.8,2,1,13,1,0.2,1,0,0.0,1,0,163.0,0.0,0
2,80.2,5.5,2,1,0,0,0.5,1,0,0.0,0,0,0.0,340.0,0
2,19.4,1.5,3,3,3,8,2.0,1,0,0.0,1,0,100.0,20.0,0
2,42.8,3.0,2,1,7,1,1.0,1,0,0.0,0,0,0.0,200.0,0
2,19.7,10.0,3,3,9,4,0.8,1,0,0.0,1,0,140.0,0.0,0
2,36.3,3.8,2,1,13,8,1.2,1,0,0.0,1,0,200.0,0.0,0
2,30.1,1.0,3,3,7,1,0.5,1,1,10.0,1,0,132.0,28.0,0
2,44.2,11.0,3,3,4,8,1.5,1,0,0.0,0,2,0.0,0.0,0
2,23.6,0.5,3,3,13,8,2.6,1,1,6.0,1,0,208.0,347.0,0
2,23.9,1.5,2,1,4,4,1.9,1,1,6.0,0,0,200.0,327.0,1
2,33.2,1.0,2,1,14,8,0.8,1,1,7.0,1,0,340.0,4071.0,1
2,48.3,12.0,2,1,10,8,16.0,1,0,0.0,0,2,110.0,0.0,1
2,76.8,22.3,2,1,5,9,12.8,1,1,1.0,1,0,0.0,109.0,1
2,51.3,10.0,2,1,7,1,0.0,1,1,11.0,0,0,0.0,1249.0,1
2,34.8,15.0,2,1,12,6,5.4,1,1,9.0,1,0,0.0,134.0,1
2,38.6,3.3,2,1,13,8,4.0,1,1,14.0,0,0,383.0,1344.0,1
1,22.4,11.2,3,3,14,4,0.8,1,1,4.0,0,0,0.0,321.0,1
2,41.9,0.4,2,1,2,4,0.2,1,1,6.0,0,0,220.0,948.0,1
2,29.6,4.5,2,1,13,8,7.5,1,1,2.0,1,0,330.0,0.0,1
1,32.2,1.5,2,1,13,8,1.1,1,1,16.0,0,0,120.0,2079.0,1
2,51.4,0.0,2,1,14,4,0.0,1,0,0.0,0,0,0.0,3000.0,1
1,22.8,2.3,2,1,11,4,2.3,1,1,7.0,1,0,140.0,2384.0,1
1,25.0,12.3,2,1,3,4,3.5,1,1,6.0,0,0,400.0,458.0,1
2,26.8,1.1,2,1,14,4,1.2,1,0,0.0,0,0,0.0,5298.0,1
2,23.3,1.5,2,1,2,4,1.4,1,0,0.0,0,0,422.0,200.0,1
2,24.4,12.3,2,1,11,4,1.6,1,0,0.0,1,0,120.0,0.0,1
2,42.2,5.0,2,1,11,4,12.8,1,0,0.0,1,0,92.0,0.0,1
1,20.8,3.0,2,1,1,8,0.0,1,0,0.0,0,0,100.0,0.0,1
2,23.1,11.5,2,1,13,4,2.1,1,1,11.0,1,0,290.0,284.0,1
1,25.2,2.9,2,1,14,4,0.9,1,0,0.0,0,0,360.0,0.0,1
2,43.1,0.4,3,3,2,8,0.4,1,1,8.0,1,0,300.0,162.0,1
1,35.8,0.9,2,1,1,8,0.8,1,1,4.0,0,0,0.0,1583.0,1
2,59.5,2.8,2,1,13,8,1.8,1,1,5.0,1,0,60.0,58.0,1
2,21.0,3.0,3,3,4,8,1.1,1,1,8.0,1,0,160.0,1.0,1
2,21.9,0.5,3,3,14,8,0.0,1,1,1.0,1,0,840.0,59.0,1
1,65.2,14.0,2,1,6,3,0.0,1,1,11.0,1,0,0.0,1400.0,1
1,20.3,10.0,2,1,2,4,1.0,1,1,4.0,0,0,50.0,1465.0,1
2,32.2,0.2,3,3,2,4,3.2,1,1,1.0,1,0,432.0,8000.0,1
2,30.2,0.5,2,1,2,8,1.8,1,1,11.0,0,0,32.0,540.0,1
2,25.2,6.0,2,1,2,8,1.0,1,1,3.0,0,0,0.0,0.0,1
2,39.2,1.6,2,1,2,8,1.5,1,1,10.0,0,0,186.0,4700.0,1
2,39.1,6.0,2,1,10,8,1.3,1,1,5.0,1,0,108.0,1097.0,1
2,31.7,0.8,2,1,14,8,1.3,1,1,8.0,1,0,303.0,3290.0,1
2,41.0,0.0,2,1,5,8,0.0,0,1,1.0,0,2,560.0,0.0,1
2,48.5,4.2,2,1,10,8,0.1,1,0,0.0,1,0,225.0,0.0,1
2,32.7,9.0,3,3,13,4,5.2,1,0,0.0,1,0,154.0,0.0,1
1,28.1,15.0,3,3,5,9,0.0,1,0,0.0,0,0,0.0,13212.0,1
2,73.4,17.8,2,1,6,3,0.0,1,0,0.0,1,0,0.0,0.0,1
2,64.1,20.0,2,1,14,4,17.5,1,1,9.0,1,0,0.0,1000.0,1
2,51.6,15.0,2,1,2,8,8.5,1,1,9.0,0,0,0.0,0.0,1
2,26.7,1.8,3,3,2,8,1.0,1,1,5.0,1,0,160.0,5777.0,1
2,25.3,0.6,2,1,2,8,0.3,1,1,7.0,1,0,96.0,5124.0,1
2,30.2,6.5,2,1,3,8,3.1,1,1,8.0,0,0,330.0,1200.0,1
2,27.0,0.8,2,1,2,4,4.2,1,1,3.0,1,0,312.0,150.0,1
2,23.2,0.0,0,0,0,0,0.0,0,0,0.0,0,1,184.0,0.0,1
2,34.2,5.2,2,1,13,8,0.1,0,0,0.0,1,0,290.0,6.0,1
2,38.7,0.2,2,1,9,8,0.1,1,0,0.0,1,0,280.0,0.0,1
2,25.8,0.8,2,1,2,1,0.2,1,0,0.0,0,0,349.0,23.0,1
1,46.1,3.0,2,1,2,8,2.4,1,1,8.0,1,0,396.0,4159.0,1
1,21.5,6.0,2,1,1,8,2.5,1,1,3.0,0,0,80.0,918.0,1
0,20.1,0.1,2,1,11,8,1.0,0,1,1.0,0,0,240.0,768.0,1
2,20.5,2.4,2,1,2,8,2.0,1,1,11.0,1,0,200.0,3000.0,1
1,29.5,0.5,2,1,9,8,0.5,1,1,4.0,0,0,380.0,500.0,1
0,42.2,1.8,3,3,0,0,0.0,0,0,0.0,1,0,150.0,1.0,0
2,29.8,1.2,3,3,9,8,0.2,0,0,0.0,0,0,224.0,0.0,0
2,20.1,0.2,2,1,11,8,0.1,0,0,0.0,0,0,200.0,0.0,0
2,23.4,0.6,2,1,2,4,0.1,1,0,0.0,0,0,180.0,0.0,0
1,29.6,1.8,3,3,9,8,1.2,0,0,0.0,1,0,280.0,0.0,0
2,16.2,0.0,2,1,2,8,0.0,0,0,0.0,0,0,0.0,0.0,1
2,32.3,3.5,2,1,9,8,0.5,0,0,0.0,1,0,232.0,0.0,0
2,31.6,0.0,3,3,4,8,4.2,0,0,0.0,1,0,460.0,0.0,0
2,47.8,4.2,2,1,14,1,0.1,0,0,0.0,1,0,520.0,0.0,0
2,20.0,1.2,3,3,9,8,0.1,0,0,0.0,0,0,140.0,4.0,0
2,27.6,3.2,3,3,11,4,5.1,0,1,2.0,1,0,369.0,1.0,0
2,22.0,0.8,2,1,13,8,0.3,0,1,1.0,0,0,420.0,283.0,0
2,19.3,10.9,2,1,2,1,0.6,0,1,2.0,1,0,200.0,7.0,0
1,38.3,4.4,2,1,2,8,0.1,0,0,0.0,0,0,160.0,0.0,0
2,29.4,1.2,2,1,2,4,0.2,0,1,2.0,1,0,400.0,108.0,0
2,22.7,0.8,2,1,7,8,1.6,0,1,1.0,1,0,400.0,9.0,0
2,32.2,14.0,3,3,6,3,0.0,0,1,2.0,0,0,160.0,1.0,0
2,29.6,4.8,2,1,10,8,2.0,0,1,1.0,1,0,460.0,68.0,0
2,18.4,10.4,3,3,1,8,0.1,1,0,0.0,0,0,120.0,375.0,0
2,22.2,2.2,2,1,7,8,0.1,0,0,0.0,0,0,160.0,10.0,0
2,22.7,0.2,2,1,2,5,2.2,0,0,0.0,1,2,0.0,0.0,1
1,25.6,0.0,0,0,0,0,0.0,0,0,0.0,0,1,184.0,0.0,1
2,18.8,0.0,2,1,11,8,0.7,0,0,0.0,0,0,160.0,1.0,0
2,21.6,0.8,3,3,3,8,0.7,0,0,0.0,0,0,160.0,0.0,0
2,23.8,12.0,2,1,2,8,2.1,0,0,0.0,0,2,80.0,0.0,0
2,22.0,7.8,3,3,7,1,0.2,0,0,0.0,1,0,184.0,0.0,0
2,36.1,2.5,2,1,6,3,0.0,0,0,0.0,0,0,0.0,1000.0,0
2,29.2,13.0,2,1,4,4,0.5,0,0,0.0,0,0,228.0,0.0,0
1,19.6,0.7,2,1,13,8,1.7,0,0,0.0,0,0,220.0,5.0,0
1,22.9,1.2,2,1,11,8,0.2,0,0,0.0,1,0,120.0,809.0,0
1,27.2,0.3,2,1,10,4,0.1,0,1,1.0,1,0,272.0,108.0,0
1,38.8,1.5,2,1,6,3,0.0,0,0,0.0,0,0,76.0,0.0,0
2,32.4,2.2,3,3,9,3,0.0,0,0,0.0,0,0,120.0,0.0,0
1,23.8,0.7,2,1,13,8,0.2,0,1,1.0,1,0,240.0,4.0,0
2,18.2,2.5,2,1,2,6,1.0,0,1,2.0,1,0,160.0,587.0,0
2,40.9,0.5,3,3,10,8,0.5,0,0,0.0,1,0,130.0,0.0,0
2,19.5,9.6,2,1,1,8,0.8,0,0,0.0,0,0,80.0,350.0,0
2,28.6,3.6,2,1,1,8,0.2,0,0,0.0,1,0,100.0,0.0,0
2,35.6,0.8,2,1,9,8,1.5,0,0,0.0,1,0,231.0,0.0,0
2,34.2,2.8,2,1,7,1,2.5,0,0,0.0,1,0,232.0,200.0,0
0,33.2,2.2,3,3,3,8,3.5,0,0,0.0,1,0,200.0,141.0,0
2,31.6,0.8,3,3,1,8,3.5,0,0,0.0,1,0,320.0,0.0,0
1,52.5,7.0,2,1,1,4,3.0,0,0,0.0,0,0,0.0,0.0,0
2,36.2,0.4,3,3,13,8,0.3,0,0,0.0,1,0,309.0,2.0,0
2,37.3,2.7,2,1,3,8,0.2,0,0,0.0,1,0,0.0,501.0,0
1,20.8,8.5,2,1,2,8,0.2,0,0,0.0,0,0,0.0,351.0,0
2,24.1,9.0,2,1,1,8,0.2,0,0,0.0,1,0,0.0,0.0,0
2,25.6,0.3,2,1,9,4,3.5,0,0,0.0,1,0,340.0,0.0,0
1,35.2,3.8,2,1,6,3,0.0,0,1,6.0,0,0,0.0,200.0,0
2,48.1,3.8,2,1,7,1,1.0,0,0,0.0,0,0,100.0,2.0,0
1,15.8,7.6,2,1,11,8,0.1,0,1,1.0,1,0,0.0,160.0,0
1,22.5,0.4,2,1,7,8,0.3,0,0,0.0,1,2,144.0,0.0,0
2,21.5,11.5,2,1,7,8,0.5,1,0,0.0,1,0,100.0,68.0,0
1,23.6,0.8,2,1,11,8,0.4,0,1,1.0,1,0,200.0,11.0,0
1,21.1,5.0,3,3,6,3,0.0,0,0,0.0,0,0,0.0,0.0,0
2,25.7,3.2,2,1,2,4,2.3,0,1,1.0,1,0,416.0,21.0,0
1,38.9,1.7,2,1,1,8,0.2,0,0,0.0,0,0,0.0,390.0,0
1,15.8,0.4,2,1,2,8,1.0,0,0,0.0,0,0,120.0,18.0,0
1,28.6,3.8,2,1,2,8,0.2,0,1,1.0,1,0,40.0,154.0,0
2,22.2,9.0,2,1,1,8,0.1,0,0,0.0,0,0,0.0,0.0,0
2,29.8,3.5,2,1,2,8,0.2,0,0,0.0,0,0,216.0,0.0,0
1,23.5,1.5,2,1,13,8,0.9,0,0,0.0,1,0,160.0,0.0,0
2,32.1,4.0,3,3,3,8,1.5,0,0,0.0,1,0,120.0,0.0,0
2,31.1,1.5,3,3,13,8,0.0,0,0,0.0,0,2,160.0,0.0,0
2,31.8,0.0,3,3,10,8,0.0,0,0,0.0,0,0,0.0,0.0,0
1,21.8,11.8,2,1,2,8,0.2,0,0,0.0,1,0,180.0,0.0,0
1,17.9,0.5,2,1,2,8,1.8,0,1,1.0,1,0,80.0,5.0,0
2,30.3,0.5,2,1,4,4,0.1,0,0,0.0,1,2,252.0,0.0,0
2,51.8,2.0,3,3,6,3,1.5,0,0,0.0,0,0,120.0,1.0,0
2,47.2,5.8,2,1,13,8,5.5,0,0,0.0,0,0,465.0,150.0,0
2,25.8,12.8,2,1,3,8,0.5,0,0,0.0,0,0,0.0,2.0,0
1,50.2,0.8,2,1,1,8,0.5,0,0,0.0,1,0,240.0,117.0,0
0,29.5,2.0,3,3,5,4,2.0,0,0,0.0,0,0,256.0,17.0,0
1,37.3,2.5,2,1,7,4,0.2,0,0,0.0,0,0,260.0,246.0,0
1,41.6,1.0,2,1,1,8,0.7,0,0,0.0,0,0,240.0,237.0,0
1,30.6,10.7,2,1,11,4,0.1,0,1,12.0,1,0,129.0,3.0,0
2,19.4,7.2,2,1,10,8,0.0,0,1,1.0,0,0,100.0,1.0,0
1,17.9,10.2,2,1,6,3,0.0,0,0,0.0,0,0,0.0,50.0,0
1,20.1,1.2,2,1,2,8,0.0,0,0,0.0,0,0,0.0,0.0,0
2,19.5,0.3,2,1,9,8,0.3,0,0,0.0,0,0,280.0,364.0,0
2,27.8,1.0,3,3,4,4,3.0,0,0,0.0,0,0,176.0,537.0,0
2,17.1,3.3,2,1,7,8,0.3,0,0,0.0,1,0,140.0,2.0,0
2,36.4,0.8,3,3,4,8,0.6,0,0,0.0,0,0,240.0,3.0,0
2,40.6,3.3,2,1,10,8,3.5,0,0,0.0,1,2,400.0,0.0,0
2,21.1,10.1,3,3,5,4,1.2,0,0,0.0,0,0,260.0,0.0,0
1,22.7,0.8,2,1,2,8,2.0,0,1,2.0,1,0,200.0,394.0,0
1,25.2,13.5,3,3,6,3,2.0,0,1,1.0,1,0,200.0,1.0,0
2,17.9,0.2,2,1,1,8,0.0,0,0,0.0,0,0,280.0,750.0,0
2,35.0,3.4,2,1,2,4,8.3,0,0,0.0,1,0,0.0,0.0,0
