Abbrev,Rep,Locality,Map_Ref,Latitude,Altitude,Rainfall,Frosts,Sp,PMCno,DBH,Ht,Surv,Vig,Ins_res,Stem_Fm,Crown_Fm,Brnch_Fm,cls
1,1.0,0,1,1,100.0,850.0,-2.0,4,1520.0,18.4,10.0,40.0,4.0,3.0,3.5,4.0,3.5,0
1,1.0,0,1,1,100.0,850.0,-2.0,8,1487.0,13.2,9.6,90.0,4.5,4.0,3.5,3.5,3.0,4
1,1.0,0,1,1,100.0,850.0,-2.0,11,1362.0,10.3,6.5,50.0,2.3,2.5,3.0,3.5,3.0,3
1,1.0,0,1,1,100.0,850.0,-2.0,14,1596.0,14.8,9.5,70.0,3.7,3.0,3.3,4.0,3.5,0
1,1.0,0,1,1,100.0,850.0,-2.0,15,2088.0,14.5,10.8,90.0,4.0,2.7,3.3,3.0,3.0,0
1,1.0,0,1,1,100.0,850.0,-2.0,16,1522.0,17.0,12.3,70.0,5.0,4.0,5.0,4.0,4.5,4
1,1.0,0,1,1,100.0,850.0,-2.0,17,1521.0,13.9,9.8,80.0,4.0,2.0,3.0,3.0,3.0,0
1,1.0,0,1,1,100.0,850.0,-2.0,19,1523.0,19.0,11.3,100.0,5.0,4.5,3.5,4.0,2.0,4
1,1.0,0,1,1,100.0,850.0,-2.0,21,1524.0,7.6,6.6,80.0,2.5,2.5,3.3,3.5,3.5,2
1,1.0,0,1,1,100.0,850.0,-2.0,24,1525.0,14.8,9.1,50.0,4.0,4.0,3.3,3.0,3.0,0
1,2.0,0,1,1,100.0,850.0,-2.0,4,1520.0,8.2,6.7,70.0,1.5,3.0,3.0,3.0,3.0,3
1,2.0,0,1,1,100.0,850.0,-2.0,8,1487.0,15.1,7.2,10.0,4.0,4.0,3.3,3.0,2.0,0
1,2.0,0,1,1,100.0,850.0,-2.0,11,1362.0,9.0,6.0,60.0,2.5,3.0,3.0,4.0,4.0,3
1,2.0,0,1,1,100.0,850.0,-2.0,14,1596.0,13.1,6.1,80.0,3.5,4.0,4.0,3.5,3.5,4
1,2.0,0,1,1,100.0,850.0,-2.0,15,2088.0,10.8,8.9,100.0,3.0,2.0,3.0,3.0,3.0,0
1,2.0,0,1,1,100.0,850.0,-2.0,16,1522.0,13.1,9.8,90.0,5.0,4.5,5.0,4.0,4.0,4
1,2.0,0,1,1,100.0,850.0,-2.0,17,1521.0,10.2,8.3,100.0,3.0,1.8,3.0,3.0,3.0,2
1,2.0,0,1,1,100.0,850.0,-2.0,19,1523.0,18.7,10.9,100.0,4.0,4.0,3.3,4.0,3.0,4
1,2.0,0,1,1,100.0,850.0,-2.0,21,1524.0,8.2,6.5,70.0,2.0,2.0,3.3,4.0,3.5,3
1,2.0,0,1,1,100.0,850.0,-2.0,24,1525.0,17.5,9.2,60.0,4.0,3.0,3.0,3.0,2.0,0
1,3.0,0,1,1,100.0,850.0,-2.0,4,1520.0,10.8,5.9,50.0,2.7,4.0,3.3,3.5,3.0,2
1,3.0,0,1,1,100.0,850.0,-2.0,8,1487.0,21.5,8.8,20.0,4.0,3.5,3.0,3.0,1.0,2
1,3.0,0,1,1,100.0,850.0,-2.0,11,1362.0,15.2,6.5,30.0,3.0,4.0,3.0,3.0,3.0,2
1,3.0,0,1,1,100.0,850.0,-2.0,14,1596.0,9.7,8.7,70.0,2.7,4.0,3.5,3.5,3.5,0
1,3.0,0,1,1,100.0,850.0,-2.0,15,2088.0,17.2,8.2,60.0,5.0,2.7,3.5,3.0,2.0,0
1,3.0,0,1,1,100.0,850.0,-2.0,16,1522.0,16.1,10.0,50.0,4.3,4.5,3.3,3.5,3.0,0
1,3.0,0,1,1,100.0,850.0,-2.0,17,1521.0,8.8,5.8,50.0,2.5,2.0,3.2,3.3,3.0,2
1,3.0,0,1,1,100.0,850.0,-2.0,19,1523.0,17.2,10.0,90.0,4.3,4.5,3.5,4.0,3.3,0
1,3.0,0,1,1,100.0,850.0,-2.0,21,1524.0,12.4,5.6,80.0,3.0,2.5,2.0,2.0,2.0,2
1,3.0,0,1,1,100.0,850.0,-2.0,24,1525.0,14.8,7.8,30.0,4.0,4.0,4.0,2.5,2.0,0
0,1.0,4,0,0,200.0,1400.0,-2.0,8,1487.0,28.0,8.6,59.7,2.3,4.0,2.0,2.0,2.0,3
0,1.0,4,0,0,200.0,1400.0,-2.0,14,1596.0,26.0,9.6,59.7,4.0,4.0,3.0,4.0,2.7,4
0,1.0,4,0,0,200.0,1400.0,-2.0,15,2088.0,33.4,8.4,59.7,4.0,2.8,2.5,1.5,1.5,2
0,1.0,4,0,0,200.0,1400.0,-2.0,17,1521.0,33.3,13.3,59.7,4.0,2.3,3.3,2.0,1.0,0
0,1.0,4,0,0,200.0,1400.0,-2.0,19,1523.0,33.1,12.3,59.7,4.0,4.0,3.5,4.0,2.7,0
0,1.0,4,0,0,200.0,1400.0,-2.0,21,1524.0,12.8,8.8,59.7,2.5,3.0,3.3,4.0,4.0,3
0,2.0,4,0,0,200.0,1400.0,-2.0,4,1520.0,25.9,12.1,59.7,3.3,3.0,4.0,3.5,3.5,0
0,2.0,4,0,0,200.0,1400.0,-2.0,8,1487.0,26.9,9.9,59.7,3.3,4.0,3.0,3.5,3.0,0
0,2.0,4,0,0,200.0,1400.0,-2.0,12,1362.0,11.9,8.2,59.7,2.0,4.0,4.0,4.0,4.0,3
0,2.0,4,0,0,200.0,1400.0,-2.0,14,1596.0,24.4,10.5,59.7,4.5,4.0,4.3,3.7,3.3,4
0,2.0,4,0,0,200.0,1400.0,-2.0,15,2088.0,31.7,11.7,59.7,4.0,2.5,3.0,3.0,2.0,0
0,2.0,4,0,0,200.0,1400.0,-2.0,16,1522.0,39.7,13.8,59.7,5.0,4.0,3.3,3.0,2.0,4
0,2.0,4,0,0,200.0,1400.0,-2.0,17,1521.0,31.4,13.3,59.7,4.3,2.7,4.0,3.5,3.3,4
0,2.0,4,0,0,200.0,1400.0,-2.0,19,1523.0,31.7,10.0,59.7,4.5,4.0,3.5,3.5,3.0,4
0,2.0,4,0,0,200.0,1400.0,-2.0,21,1524.0,23.4,10.3,59.7,3.3,3.0,3.0,4.0,4.0,0
0,3.0,4,0,0,200.0,1400.0,-2.0,4,1520.0,14.0,5.6,59.7,2.0,4.0,3.0,4.0,3.0,3
0,3.0,4,0,0,200.0,1400.0,-2.0,8,1487.0,3.1,9.9,59.7,3.0,4.0,2.0,2.0,1.0,0
0,3.0,4,0,0,200.0,1400.0,-2.0,12,1362.0,26.5,11.0,59.7,3.5,3.5,3.7,4.0,3.7,0
0,3.0,4,0,0,200.0,1400.0,-2.0,14,1596.0,24.4,7.8,59.7,3.0,3.5,3.3,3.3,3.3,0
0,3.0,4,0,0,200.0,1400.0,-2.0,15,2088.0,33.0,12.5,59.7,5.0,2.5,4.0,3.0,2.0,0
0,3.0,4,0,0,200.0,1400.0,-2.0,16,1522.0,30.5,12.1,59.7,4.5,4.0,3.5,3.5,2.5,4
0,3.0,4,0,0,200.0,1400.0,-2.0,17,1521.0,10.0,7.5,59.7,2.0,2.0,3.0,4.0,4.0,3
0,3.0,4,0,0,200.0,1400.0,-2.0,19,1523.0,39.6,10.6,59.7,4.0,4.5,3.0,3.0,1.0,4
0,3.0,4,0,0,200.0,1400.0,-2.0,21,1524.0,22.7,11.5,59.7,3.0,2.5,3.5,3.5,2.8,0
8,1.0,6,4,5,130.0,1000.0,-3.0,4,1520.0,10.1,8.2,60.0,3.0,4.0,3.5,3.5,3.2,2
8,1.0,6,4,5,130.0,1000.0,-3.0,12,1362.0,4.7,5.5,20.0,1.0,1.5,2.0,3.0,3.0,1
8,1.0,6,4,5,130.0,1000.0,-3.0,14,1596.0,17.0,12.6,50.0,4.3,4.0,3.2,4.0,3.5,0
8,1.0,6,4,5,130.0,1000.0,-3.0,15,2088.0,10.3,9.4,80.0,3.0,2.5,3.0,3.0,3.0,0
8,1.0,6,4,5,130.0,1000.0,-3.0,16,1522.0,21.6,12.0,40.0,4.0,3.7,3.5,3.5,3.0,0
8,1.0,6,4,5,130.0,1000.0,-3.0,17,1521.0,11.3,10.0,40.0,2.7,2.0,3.2,4.0,3.0,2
8,1.0,6,4,5,130.0,1000.0,-3.0,19,1523.0,12.7,9.3,80.0,2.9,4.0,3.2,3.9,3.4,0
8,1.0,6,4,5,130.0,1000.0,-3.0,21,1524.0,5.4,4.5,20.0,1.0,2.0,3.0,3.0,3.0,1
8,2.0,6,4,5,130.0,1000.0,-3.0,4,1520.0,6.8,5.5,60.0,2.5,3.5,3.5,3.5,3.0,3
8,2.0,6,4,5,130.0,1000.0,-3.0,8,1487.0,17.8,10.0,10.0,4.0,4.0,3.5,4.0,2.0,0
8,2.0,6,4,5,130.0,1000.0,-3.0,14,1596.0,20.4,10.2,60.0,4.0,4.0,3.0,3.0,2.5,0
8,2.0,6,4,5,130.0,1000.0,-3.0,15,2088.0,19.1,9.7,60.0,3.7,3.0,2.0,2.0,1.5,0
8,2.0,6,4,5,130.0,1000.0,-3.0,16,1522.0,15.5,9.8,40.0,4.0,3.5,3.5,3.5,3.0,0
8,2.0,6,4,5,130.0,1000.0,-3.0,17,1521.0,13.5,7.7,30.0,3.0,2.0,3.3,4.0,3.5,0
8,2.0,6,4,5,130.0,1000.0,-3.0,19,1523.0,20.8,12.0,20.0,3.0,4.0,3.0,3.5,3.0,2
8,2.0,6,4,5,130.0,1000.0,-3.0,21,1524.0,11.5,5.8,40.0,1.5,2.0,2.5,3.5,2.5,1
8,3.0,6,4,5,130.0,1000.0,-3.0,8,1487.0,37.6,13.0,10.0,5.0,4.0,2.0,2.0,1.0,0
8,3.0,6,4,5,130.0,1000.0,-3.0,14,1596.0,24.5,12.0,20.0,4.0,4.0,4.0,4.0,2.0,0
8,3.0,6,4,5,130.0,1000.0,-3.0,15,2088.0,17.6,9.0,90.0,4.5,2.5,3.0,2.0,1.5,0
8,3.0,6,4,5,130.0,1000.0,-3.0,17,1521.0,16.2,10.2,60.0,4.0,2.3,3.0,3.3,3.0,4
8,3.0,6,4,5,130.0,1000.0,-3.0,19,1523.0,11.5,9.0,20.0,2.7,3.7,4.0,4.0,3.0,0
8,3.0,6,4,5,130.0,1000.0,-3.0,21,1524.0,7.6,5.5,20.0,1.0,2.0,2.0,3.0,3.0,1
13,1.0,1,3,3,70.0,1000.0,-2.0,0,1094.0,3.4,5.5,50.0,1.0,1.0,3.0,3.0,3.0,1
13,1.0,1,3,3,70.0,1000.0,-2.0,3,1111.0,17.6,12.6,71.0,3.5,3.0,3.3,2.5,2.0,0
13,1.0,1,3,3,70.0,1000.0,-2.0,2,1112.0,14.0,10.0,100.0,2.5,1.5,3.0,4.0,4.0,3
13,1.0,1,3,3,70.0,1000.0,-2.0,2,1113.0,8.8,11.4,100.0,2.0,2.0,4.0,4.0,4.0,3
13,1.0,1,3,3,70.0,1000.0,-2.0,6,1338.0,15.8,10.0,38.0,3.5,3.5,3.3,3.5,3.0,2
13,1.0,1,3,3,70.0,1000.0,-2.0,7,1482.0,15.5,10.5,50.0,3.0,3.3,3.3,3.0,3.0,4
13,1.0,1,3,3,70.0,1000.0,-2.0,7,1978.0,14.6,11.1,100.0,4.0,3.0,3.5,3.5,3.3,0
13,1.0,1,3,3,70.0,1000.0,-2.0,8,1339.0,17.3,13.2,71.0,3.3,3.0,3.0,3.0,3.0,2
13,1.0,1,3,3,70.0,1000.0,-2.0,8,1786.0,13.3,10.8,75.0,4.0,3.8,4.0,4.0,4.0,4
13,1.0,1,3,3,70.0,1000.0,-2.0,8,2447.0,19.8,10.7,75.0,4.5,3.0,3.0,3.0,2.5,0
13,1.0,1,3,3,70.0,1000.0,-2.0,9,1595.0,5.2,4.3,75.0,0.5,0.5,4.0,4.0,4.0,1
13,1.0,1,3,3,70.0,1000.0,-2.0,10,1171.0,15.0,11.3,88.0,2.3,1.7,3.0,3.0,2.0,3
13,1.0,1,3,3,70.0,1000.0,-2.0,14,1596.0,15.3,10.8,75.0,3.0,3.0,3.0,4.0,3.5,4
13,1.0,1,3,3,70.0,1000.0,-2.0,16,2459.0,19.0,16.0,88.0,4.3,3.0,4.8,4.0,4.0,4
13,1.0,1,3,3,70.0,1000.0,-2.0,17,1785.0,7.2,6.0,50.0,1.3,1.3,4.0,4.0,4.0,1
13,1.0,1,3,3,70.0,1000.0,-2.0,19,1598.0,15.9,12.8,100.0,4.0,4.0,3.3,4.0,3.0,4
13,1.0,1,3,3,70.0,1000.0,-2.0,22,1787.0,18.1,14.8,100.0,4.6,4.0,4.3,4.3,4.0,4
13,1.0,1,3,3,70.0,1000.0,-2.0,22,2482.0,17.0,14.1,88.0,4.5,3.0,3.7,3.7,3.7,4
13,1.0,1,3,3,70.0,1000.0,-2.0,22,2431.0,26.1,16.0,38.0,5.0,3.0,4.0,4.0,2.7,4
13,1.0,1,3,3,70.0,1000.0,-2.0,21,1524.0,12.2,13.8,50.0,2.0,1.5,3.0,3.0,3.0,3
13,1.0,1,3,3,70.0,1000.0,-2.0,25,1340.0,9.3,4.3,63.0,1.0,1.2,1.0,1.0,1.0,1
13,1.0,1,3,3,70.0,1000.0,-2.0,22,2428.0,22.6,13.4,100.0,5.0,3.0,2.3,2.7,2.0,4
13,2.0,1,3,3,70.0,1000.0,-2.0,0,1094.0,7.8,7.4,63.0,1.0,1.0,3.0,3.0,3.0,1
13,2.0,1,3,3,70.0,1000.0,-2.0,3,1111.0,16.4,13.3,100.0,4.5,3.0,3.3,3.3,2.7,0
13,2.0,1,3,3,70.0,1000.0,-2.0,2,1112.0,11.9,9.7,100.0,2.3,1.8,3.0,3.5,3.2,3
13,2.0,1,3,3,70.0,1000.0,-2.0,2,1113.0,10.4,9.4,88.0,2.0,1.7,4.0,4.0,4.0,3
13,2.0,1,3,3,70.0,1000.0,-2.0,6,1338.0,13.5,10.0,13.0,3.0,4.0,3.0,4.0,3.3,3
13,2.0,1,3,3,70.0,1000.0,-2.0,7,1482.0,23.0,11.0,13.0,3.0,3.5,2.0,1.0,1.0,2
13,2.0,1,3,3,70.0,1000.0,-2.0,7,1978.0,23.7,12.6,88.0,5.0,3.3,3.0,2.0,2.0,0
13,2.0,1,3,3,70.0,1000.0,-2.0,8,1339.0,33.8,16.0,50.0,5.0,3.0,2.0,2.0,0.5,0
13,2.0,1,3,3,70.0,1000.0,-2.0,8,1786.0,17.0,15.3,75.0,4.7,4.0,3.5,4.0,4.0,4
13,2.0,1,3,3,70.0,1000.0,-2.0,8,2447.0,20.8,12.6,63.0,4.0,3.0,3.3,3.5,3.5,0
13,2.0,1,3,3,70.0,1000.0,-2.0,9,1595.0,6.5,4.4,63.0,0.5,0.5,4.0,4.5,4.0,1
13,2.0,1,3,3,70.0,1000.0,-2.0,10,1171.0,10.4,6.4,75.0,1.7,1.5,0.0,0.0,0.0,1
13,2.0,1,3,3,70.0,1000.0,-2.0,14,1596.0,12.6,8.0,37.0,2.5,3.5,4.0,4.0,4.0,2
13,2.0,1,3,3,70.0,1000.0,-2.0,16,1337.0,22.2,14.6,63.0,5.0,3.0,4.0,4.0,3.2,4
13,2.0,1,3,3,70.0,1000.0,-2.0,16,2459.0,19.6,15.4,100.0,5.0,3.0,5.0,4.3,3.0,4
13,2.0,1,3,3,70.0,1000.0,-2.0,17,1785.0,9.8,7.5,75.0,1.7,1.3,3.3,4.0,3.5,3
13,2.0,1,3,3,70.0,1000.0,-2.0,19,1598.0,15.2,14.4,100.0,4.5,4.0,3.0,4.0,3.0,0
13,2.0,1,3,3,70.0,1000.0,-2.0,22,1787.0,19.6,16.6,100.0,5.0,3.0,4.0,4.0,3.0,4
13,2.0,1,3,3,70.0,1000.0,-2.0,22,2482.0,17.0,14.1,88.0,4.5,3.0,3.7,3.7,3.7,4
13,2.0,1,3,3,70.0,1000.0,-2.0,22,2431.0,26.0,14.0,88.0,5.0,3.5,3.5,4.0,3.3,4
13,2.0,1,3,3,70.0,1000.0,-2.0,23,1192.0,8.9,5.2,63.0,2.5,1.8,3.0,3.0,3.0,1
13,2.0,1,3,3,70.0,1000.0,-2.0,21,1524.0,10.3,7.8,100.0,2.3,2.0,3.0,3.0,3.0,3
13,22.0,1,3,3,70.0,1000.0,-2.0,24,2435.0,19.6,12.3,75.0,3.3,3.0,3.3,3.5,3.5,4
13,2.0,1,3,3,70.0,1000.0,-2.0,25,1340.0,20.1,6.9,88.0,3.0,2.5,1.0,0.5,0.0,3
13,3.0,1,3,3,70.0,1000.0,-2.0,0,1094.0,13.5,4.0,13.0,0.5,0.0,1.0,1.0,1.0,1
13,3.0,1,3,3,70.0,1000.0,-2.0,3,1111.0,14.2,10.8,100.0,3.0,2.8,3.3,3.3,3.0,0
13,3.0,1,3,3,70.0,1000.0,-2.0,2,1112.0,13.1,10.6,88.0,2.0,2.0,3.0,3.0,3.0,1
13,3.0,1,3,3,70.0,1000.0,-2.0,2,1113.0,9.6,7.0,100.0,2.6,2.0,3.0,3.0,3.0,3
13,3.0,1,3,3,70.0,1000.0,-2.0,6,1338.0,18.9,9.0,13.0,2.0,3.5,3.0,3.5,3.0,1
13,3.0,1,3,3,70.0,1000.0,-2.0,7,1482.0,20.0,13.2,75.0,4.5,3.0,4.0,4.0,4.0,4
13,3.0,1,3,3,70.0,1000.0,-2.0,7,1978.0,26.6,13.5,75.0,5.0,3.0,2.5,2.0,1.0,0
13,3.0,1,3,3,70.0,1000.0,-2.0,8,1339.0,23.9,12.7,37.0,4.0,3.0,3.0,3.0,3.0,0
13,3.0,1,3,3,70.0,1000.0,-2.0,8,1786.0,17.8,12.2,63.0,4.7,3.1,3.0,3.0,3.0,0
13,3.0,1,3,3,70.0,1000.0,-2.0,8,2447.0,21.4,12.7,75.0,4.6,4.0,3.0,3.0,3.0,4
13,3.0,1,3,3,70.0,1000.0,-2.0,9,1595.0,7.8,5.3,50.0,1.0,1.5,4.0,4.0,4.0,1
13,3.0,1,3,3,70.0,1000.0,-2.0,10,1171.0,13.1,10.1,100.0,2.0,2.0,2.0,2.0,2.0,3
13,3.0,1,3,3,70.0,1000.0,-2.0,14,1596.0,15.1,12.3,88.0,3.5,3.0,3.3,4.0,4.0,4
13,3.0,1,3,3,70.0,1000.0,-2.0,16,1337.0,24.5,13.5,75.0,5.0,3.0,4.0,4.0,2.5,4
13,3.0,1,3,3,70.0,1000.0,-2.0,16,2459.0,23.7,13.3,88.0,5.0,3.0,3.5,3.5,2.5,4
13,3.0,1,3,3,70.0,1000.0,-2.0,17,1785.0,10.5,7.6,88.0,2.3,2.0,3.0,3.5,3.0,3
13,3.0,1,3,3,70.0,1000.0,-2.0,19,1598.0,14.0,10.3,100.0,3.5,4.0,2.0,3.0,2.0,2
13,3.0,1,3,3,70.0,1000.0,-2.0,22,1787.0,21.8,13.8,100.0,5.0,3.0,3.0,3.0,2.0,4
13,3.0,1,3,3,70.0,1000.0,-2.0,22,2482.0,16.4,12.1,88.0,4.8,3.0,3.3,3.5,2.0,4
13,3.0,1,3,3,70.0,1000.0,-2.0,22,2431.0,17.6,12.4,100.0,3.5,3.3,3.0,3.0,2.0,0
13,3.0,1,3,3,70.0,1000.0,-2.0,23,1192.0,12.2,4.4,75.0,3.0,2.0,3.0,2.5,2.5,3
13,3.0,1,3,3,70.0,1000.0,-2.0,21,1524.0,9.0,6.8,100.0,2.0,1.5,2.0,4.0,3.5,1
13,3.0,1,3,3,70.0,1000.0,-2.0,24,2435.0,20.3,13.6,63.0,4.0,2.7,3.0,2.5,2.0,0
13,3.0,1,3,3,70.0,1000.0,-2.0,25,1340.0,8.8,6.3,100.0,2.0,2.0,1.0,2.0,2.0,1
2,1.0,3,9,7,180.0,1080.0,-3.0,0,1094.0,2.9,3.2,25.0,2.0,2.0,2.0,2.0,2.0,1
2,1.0,3,9,7,180.0,1080.0,-3.0,3,1111.0,4.5,4.1,44.0,2.5,3.0,3.0,3.0,3.0,3
2,1.0,3,9,7,180.0,1080.0,-3.0,2,1112.0,9.9,6.7,100.0,3.5,2.0,3.0,4.0,3.0,4
2,1.0,3,9,7,180.0,1080.0,-3.0,9,1595.0,5.3,3.0,75.0,2.7,1.0,3.0,4.0,4.0,3
2,1.0,3,9,7,180.0,1080.0,-3.0,8,1339.0,3.3,4.1,75.0,2.0,3.0,3.0,3.0,3.0,3
2,1.0,3,9,7,180.0,1080.0,-3.0,8,2447.0,7.6,5.4,100.0,3.0,3.0,3.0,3.5,3.0,0
2,1.0,3,9,7,180.0,1080.0,-3.0,8,1786.0,6.0,5.4,88.0,4.0,4.0,3.5,3.5,3.5,0
2,1.0,3,9,7,180.0,1080.0,-3.0,14,1596.0,6.4,5.1,88.0,3.0,4.0,3.5,4.0,4.0,4
2,1.0,3,9,7,180.0,1080.0,-3.0,10,1171.0,6.2,4.3,40.0,3.0,2.0,1.0,1.0,1.0,3
2,1.0,3,9,7,180.0,1080.0,-3.0,16,2469.0,19.9,7.4,13.0,2.0,2.5,3.0,3.0,3.0,3
2,1.0,3,9,7,180.0,1080.0,-3.0,17,1785.0,3.9,3.9,63.0,2.5,1.5,3.0,4.0,3.0,2
2,1.0,3,9,7,180.0,1080.0,-3.0,19,1598.0,10.8,9.3,88.0,4.0,4.0,4.0,4.0,4.0,4
2,1.0,3,9,7,180.0,1080.0,-3.0,22,2428.0,3.6,5.0,63.0,4.0,3.5,4.0,4.0,3.5,0
2,1.0,3,9,7,180.0,1080.0,-3.0,22,2431.0,6.1,5.9,75.0,4.0,3.0,4.0,4.0,4.0,4
2,1.0,3,9,7,180.0,1080.0,-3.0,22,1787.0,5.3,4.9,38.0,3.5,3.0,4.0,4.0,4.0,0
2,1.0,3,9,7,180.0,1080.0,-3.0,24,2435.0,14.9,9.4,63.0,4.0,3.0,3.0,2.5,2.5,0
2,1.0,3,9,7,180.0,1080.0,-3.0,21,1524.0,3.2,3.7,50.0,1.5,2.0,2.0,4.0,4.0,3
2,1.0,3,9,7,180.0,1080.0,-3.0,25,1340.0,5.9,6.5,100.0,1.8,1.8,2.0,2.0,3.0,3
2,1.0,3,9,7,180.0,1080.0,-3.0,13,1780.0,6.2,4.8,25.0,2.5,4.0,3.0,3.0,3.0,3
2,2.0,3,9,7,180.0,1080.0,-3.0,0,1094.0,1.0,2.2,13.0,2.0,2.0,2.0,2.0,2.0,1
2,2.0,3,9,7,180.0,1080.0,-3.0,3,1111.0,6.3,4.6,100.0,3.0,2.5,2.0,2.0,2.5,2
2,2.0,3,9,7,180.0,1080.0,-3.0,2,1112.0,11.4,7.8,88.0,3.0,2.0,3.5,4.0,4.0,4
2,2.0,3,9,7,180.0,1080.0,-3.0,2,1113.0,4.0,4.0,75.0,3.0,2.0,3.0,4.0,3.0,2
2,2.0,3,9,7,180.0,1080.0,-3.0,9,1595.0,2.8,2.9,75.0,2.5,1.8,3.2,3.5,3.5,3
2,2.0,3,9,7,180.0,1080.0,-3.0,6,1338.0,6.1,5.9,63.0,3.0,3.0,2.0,2.0,2.5,3
2,2.0,3,9,7,180.0,1080.0,-3.0,7,1978.0,4.0,4.7,50.0,2.5,3.0,3.5,3.5,3.5,2
2,2.0,3,9,7,180.0,1080.0,-3.0,7,1482.0,11.0,6.2,38.0,3.5,3.5,3.0,2.5,2.0,2
2,2.0,3,9,7,180.0,1080.0,-3.0,8,1339.0,12.5,10.1,63.0,4.5,3.0,3.5,3.5,3.5,4
2,2.0,3,9,7,180.0,1080.0,-3.0,8,2447.0,10.0,6.8,88.0,4.0,3.0,3.5,3.0,2.5,0
2,2.0,3,9,7,180.0,1080.0,-3.0,8,1786.0,17.7,10.0,100.0,5.0,3.0,3.0,2.5,2.0,4
2,2.0,3,9,7,180.0,1080.0,-3.0,14,1596.0,2.7,3.8,100.0,2.5,4.0,3.5,4.5,4.0,0
2,2.0,3,9,7,180.0,1080.0,-3.0,10,1171.0,2.8,2.9,75.0,2.0,2.0,2.0,2.0,3.0,3
2,2.0,3,9,7,180.0,1080.0,-3.0,16,2469.0,9.9,8.9,88.0,4.0,3.0,3.5,3.5,3.5,0
2,2.0,3,9,7,180.0,1080.0,-3.0,16,1337.0,8.6,8.2,100.0,4.0,3.0,3.5,3.5,3.5,0
2,2.0,3,9,7,180.0,1080.0,-3.0,17,1785.0,4.4,4.0,88.0,1.5,1.5,2.0,2.0,3.0,1
2,2.0,3,9,7,180.0,1080.0,-3.0,19,1598.0,7.9,7.8,100.0,3.5,4.0,2.5,4.0,3.3,4
2,2.0,3,9,7,180.0,1080.0,-3.0,22,2428.0,6.5,6.4,38.0,4.0,3.5,4.0,4.0,3.5,0
2,2.0,3,9,7,180.0,1080.0,-3.0,22,2431.0,6.3,6.7,100.0,4.0,3.0,4.0,4.0,3.5,0
2,2.0,3,9,7,180.0,1080.0,-3.0,22,1787.0,11.6,8.4,63.0,4.0,3.5,4.0,4.0,3.5,4
2,2.0,3,9,7,180.0,1080.0,-3.0,24,2435.0,3.6,4.3,25.0,3.0,3.0,3.0,3.0,3.0,2
2,2.0,3,9,7,180.0,1080.0,-3.0,21,1524.0,2.6,3.1,75.0,2.0,2.0,2.0,4.0,3.0,3
2,2.0,3,9,7,180.0,1080.0,-3.0,25,1340.0,5.4,5.7,100.0,1.5,1.0,1.5,1.5,2.0,1
2,2.0,3,9,7,180.0,1080.0,-3.0,13,1780.0,2.6,3.6,38.0,1.0,2.0,2.0,2.0,3.0,1
2,3.0,3,9,7,180.0,1080.0,-3.0,0,1094.0,5.3,5.5,63.0,2.0,1.5,2.0,2.0,2.0,1
2,3.0,3,9,7,180.0,1080.0,-3.0,3,1111.0,4.9,4.1,88.0,3.5,2.5,2.0,2.0,2.0,2
2,3.0,3,9,7,180.0,1080.0,-3.0,2,1112.0,7.8,6.7,100.0,3.0,1.8,3.5,4.0,4.0,0
2,3.0,3,9,7,180.0,1080.0,-3.0,2,1113.0,4.6,4.1,88.0,3.0,2.0,2.5,3.5,3.0,2
2,3.0,3,9,7,180.0,1080.0,-3.0,9,1595.0,2.3,2.7,75.0,2.5,1.5,3.0,4.0,4.0,3
2,3.0,3,9,7,180.0,1080.0,-3.0,6,1338.0,7.3,7.4,63.0,4.0,3.0,3.3,3.3,3.0,0
2,3.0,3,9,7,180.0,1080.0,-3.0,7,1978.0,16.5,9.9,100.0,5.0,3.3,3.3,2.5,2.0,4
2,3.0,3,9,7,180.0,1080.0,-3.0,7,1482.0,10.5,7.8,88.0,4.0,3.3,3.3,3.5,3.5,0
2,3.0,3,9,7,180.0,1080.0,-3.0,8,1339.0,3.8,4.7,100.0,3.0,2.7,3.0,3.0,3.5,0
2,3.0,3,9,7,180.0,1080.0,-3.0,8,2447.0,11.6,8.4,100.0,4.0,3.0,3.5,3.5,3.5,4
2,3.0,3,9,7,180.0,1080.0,-3.0,8,1786.0,13.7,8.8,100.0,4.8,3.0,3.5,3.5,3.0,4
2,3.0,3,9,7,180.0,1080.0,-3.0,14,1596.0,7.0,6.0,88.0,3.5,2.7,3.5,4.0,4.0,4
2,3.0,3,9,7,180.0,1080.0,-3.0,10,1171.0,72.9,9.3,59.7,2.5,2.0,1.0,1.0,1.0,1
2,3.0,3,9,7,180.0,1080.0,-3.0,16,2469.0,7.7,8.0,88.0,4.5,3.0,4.0,4.0,4.0,4
2,3.0,3,9,7,180.0,1080.0,-3.0,17,1785.0,3.2,3.6,88.0,1.5,1.8,2.5,3.3,3.5,3
2,3.0,3,9,7,180.0,1080.0,-3.0,19,1598.0,6.8,5.6,63.0,3.0,4.0,2.5,3.0,2.0,2
2,3.0,3,9,7,180.0,1080.0,-3.0,22,2428.0,5.2,5.9,75.0,4.0,3.0,4.0,4.0,4.0,4
2,3.0,3,9,7,180.0,1080.0,-3.0,22,2431.0,3.4,5.2,100.0,3.0,3.0,4.5,4.0,4.0,0
2,3.0,3,9,7,180.0,1080.0,-3.0,22,1787.0,3.8,4.9,88.0,4.0,3.5,4.0,4.0,4.0,4
2,3.0,3,9,7,180.0,1080.0,-3.0,21,1524.0,4.5,4.5,88.0,2.3,2.0,2.5,4.0,3.0,3
2,3.0,3,9,7,180.0,1080.0,-3.0,25,1340.0,6.1,5.7,100.0,2.5,1.5,1.5,1.0,1.0,3
2,3.0,3,9,7,180.0,1080.0,-3.0,13,1780.0,3.5,4.7,25.0,1.5,1.5,2.0,2.0,3.0,3
14,1.0,5,10,9,160.0,1000.0,-3.0,0,1094.0,12.0,10.3,38.0,2.8,3.2,2.8,3.2,3.0,3
14,1.0,5,10,9,160.0,1000.0,-3.0,3,1111.0,15.0,8.4,88.0,3.0,3.0,3.0,3.0,2.0,2
14,1.0,5,10,9,160.0,1000.0,-3.0,2,1112.0,13.0,11.1,100.0,3.0,2.0,3.5,3.0,3.0,2
14,1.0,5,10,9,160.0,1000.0,-3.0,2,1113.0,8.6,9.5,100.0,2.0,1.5,4.0,4.0,4.0,3
14,1.0,5,10,9,160.0,1000.0,-3.0,6,1338.0,8.2,6.6,63.0,4.0,4.0,3.0,3.0,3.0,2
14,1.0,5,10,9,160.0,1000.0,-3.0,7,1978.0,15.7,10.0,100.0,4.0,3.0,2.5,2.5,2.5,0
14,1.0,5,10,9,160.0,1000.0,-3.0,7,1482.0,15.9,8.8,75.0,4.0,3.0,3.0,2.0,2.5,0
14,1.0,5,10,9,160.0,1000.0,-3.0,8,1339.0,13.7,9.9,88.0,4.0,3.0,2.5,2.5,2.5,2
14,1.0,5,10,9,160.0,1000.0,-3.0,8,2447.0,11.2,9.1,88.0,4.0,3.5,3.0,3.5,3.0,0
14,1.0,5,10,9,160.0,1000.0,-3.0,8,1786.0,18.9,11.8,75.0,5.0,3.0,2.5,2.5,2.0,2
14,1.0,5,10,9,160.0,1000.0,-3.0,14,1596.0,11.6,8.9,100.0,4.0,3.0,4.0,4.0,4.0,4
14,1.0,5,10,9,160.0,1000.0,-3.0,10,1171.0,8.6,8.9,100.0,3.0,2.5,2.8,3.0,2.8,3
14,1.0,5,10,9,160.0,1000.0,-3.0,16,2469.0,13.4,12.3,88.0,4.0,3.0,3.5,3.0,2.5,4
14,1.0,5,10,9,160.0,1000.0,-3.0,16,1337.0,19.6,11.8,63.0,5.0,3.0,3.5,3.0,2.0,4
14,1.0,5,10,9,160.0,1000.0,-3.0,17,1785.0,11.1,8.7,88.0,3.0,2.0,3.0,4.0,4.0,0
14,1.0,5,10,9,160.0,1000.0,-3.0,19,1598.0,10.8,10.0,75.0,3.0,4.0,3.0,4.0,3.0,0
14,1.0,5,10,9,160.0,1000.0,-3.0,22,2428.0,11.2,12.2,75.0,5.0,3.0,4.0,3.5,3.5,0
14,1.0,5,10,9,160.0,1000.0,-3.0,22,2430.0,14.0,13.0,63.0,5.0,3.0,3.0,2.0,2.5,0
14,1.0,5,10,9,160.0,1000.0,-3.0,22,2431.0,9.0,9.6,75.0,4.0,3.0,4.0,3.0,2.5,0
14,1.0,5,10,9,160.0,1000.0,-3.0,22,1787.0,14.4,12.9,88.0,5.0,3.0,3.0,3.0,2.5,0
14,1.0,5,10,9,160.0,1000.0,-3.0,13,1780.0,8.8,5.3,63.0,3.0,3.0,3.0,4.0,4.0,2
14,1.0,5,10,9,160.0,1000.0,-3.0,21,1524.0,6.5,7.0,50.0,2.5,2.5,3.0,3.0,3.0,3
14,1.0,5,10,9,160.0,1000.0,-3.0,25,1340.0,5.7,5.7,100.0,3.0,2.0,3.0,3.0,3.0,3
14,1.0,5,10,9,160.0,1000.0,-3.0,9,1595.0,8.0,4.9,88.0,3.5,1.5,4.0,4.0,4.0,2
14,2.0,5,10,9,160.0,1000.0,-3.0,0,1094.0,7.3,6.8,2.5,3.5,3.5,3.5,3.5,1.5,1
14,2.0,5,10,9,160.0,1000.0,-3.0,3,1111.0,6.9,5.6,3.0,3.0,3.0,3.0,3.0,2.0,1
14,2.0,5,10,9,160.0,1000.0,-3.0,2,1112.0,7.4,6.6,3.0,2.0,3.0,3.0,3.0,1.0,1
14,2.0,5,10,9,160.0,1000.0,-3.0,2,1113.0,6.6,5.4,3.0,2.0,3.0,3.0,3.5,1.5,1
14,2.0,5,10,9,160.0,1000.0,-3.0,6,1338.0,7.3,5.6,3.5,3.0,2.5,2.5,2.5,1.5,1
14,2.0,5,10,9,160.0,1000.0,-3.0,7,1978.0,19.6,10.3,3.0,3.0,2.5,2.5,2.0,2.0,1
14,2.0,5,10,9,160.0,1000.0,-3.0,7,1482.0,15.4,15.8,4.0,3.0,3.0,3.0,3.0,3.0,1
14,2.0,5,10,9,160.0,1000.0,-3.0,8,1339.0,15.0,11.6,4.0,3.0,2.0,2.0,2.0,3.0,1
14,2.0,5,10,9,160.0,1000.0,-3.0,8,2447.0,13.9,11.1,5.0,3.0,3.0,2.5,2.0,3.0,1
14,2.0,5,10,9,160.0,1000.0,-3.0,8,1786.0,15.6,12.1,4.0,3.0,3.5,3.0,2.0,3.0,1
14,2.0,5,10,9,160.0,1000.0,-3.0,14,1596.0,7.9,8.6,2.5,3.0,2.5,4.0,3.5,1.0,1
14,2.0,5,10,9,160.0,1000.0,-3.0,10,1171.0,6.6,5.8,2.0,3.0,2.5,2.5,3.0,0.5,1
14,2.0,5,10,9,160.0,1000.0,-3.0,16,2469.0,15.2,12.3,5.0,3.0,4.0,3.5,3.0,4.0,1
14,2.0,5,10,9,160.0,1000.0,-3.0,16,1337.0,17.1,12.1,5.0,3.0,3.5,3.0,3.0,4.0,1
14,2.0,5,10,9,160.0,1000.0,-3.0,17,1785.0,5.5,3.4,2.0,1.0,3.0,2.5,3.0,1.0,1
14,2.0,5,10,9,160.0,1000.0,-3.0,19,1598.0,15.3,12.7,3.0,4.0,2.5,3.0,2.0,3.0,1
14,2.0,5,10,9,160.0,1000.0,-3.0,22,2428.0,10.9,9.8,4.0,3.0,2.5,2.0,3.0,4.0,1
14,2.0,5,10,9,160.0,1000.0,-3.0,22,2430.0,13.0,10.4,4.0,3.0,3.5,2.5,2.0,4.0,1
14,2.0,5,10,9,160.0,1000.0,-3.0,22,2431.0,10.6,10.2,4.0,3.0,3.5,2.5,3.0,3.0,1
14,2.0,5,10,9,160.0,1000.0,-3.0,22,1787.0,10.3,10.0,4.0,3.0,4.0,3.0,3.0,3.0,1
14,2.0,5,10,9,160.0,1000.0,-3.0,13,1780.0,3.2,5.9,1.5,3.0,2.0,2.0,2.0,0.0,1
14,2.0,5,10,9,160.0,1000.0,-3.0,24,2435.0,15.0,13.0,2.5,3.0,4.0,4.0,4.0,2.0,1
14,2.0,5,10,9,160.0,1000.0,-3.0,21,1524.0,6.8,5.6,2.0,2.0,2.0,3.0,3.0,0.0,1
14,2.0,5,10,9,160.0,1000.0,-3.0,25,1340.0,7.7,6.1,2.0,2.0,2.0,2.0,3.0,0.5,1
14,2.0,5,10,9,160.0,1000.0,-3.0,9,1595.0,3.1,2.9,2.0,1.5,3.0,3.0,3.5,1.0,1
14,3.0,5,10,9,160.0,1000.0,-3.0,0,1094.0,10.5,6.0,25.0,3.0,3.0,2.0,3.0,2.5,3
14,3.0,5,10,9,160.0,1000.0,-3.0,3,1111.0,1.6,1.8,88.0,1.0,2.0,3.0,3.0,3.0,1
14,3.0,5,10,9,160.0,1000.0,-3.0,2,1112.0,4.0,3.2,63.0,2.0,1.5,3.0,3.0,3.0,3
14,3.0,5,10,9,160.0,1000.0,-3.0,2,1113.0,3.3,2.7,100.0,1.5,1.0,2.0,3.0,3.0,1
14,3.0,5,10,9,160.0,1000.0,-3.0,6,1338.0,9.4,8.5,38.0,3.0,3.0,2.0,1.5,1.0,3
14,3.0,5,10,9,160.0,1000.0,-3.0,7,1978.0,11.0,8.1,100.0,4.0,3.0,2.0,2.0,2.0,4
14,3.0,5,10,9,160.0,1000.0,-3.0,7,1482.0,7.8,5.6,88.0,3.0,3.0,2.0,2.0,2.0,0
14,3.0,5,10,9,160.0,1000.0,-3.0,8,1339.0,10.1,9.5,75.0,3.0,3.0,2.0,2.0,2.0,2
14,3.0,5,10,9,160.0,1000.0,-3.0,8,2447.0,6.9,7.3,88.0,3.5,3.0,3.0,3.5,3.0,0
14,3.0,5,10,9,160.0,1000.0,-3.0,8,1786.0,11.9,9.6,88.0,4.0,3.0,2.5,2.5,2.5,0
14,3.0,5,10,9,160.0,1000.0,-3.0,14,1596.0,10.4,9.4,100.0,4.0,3.0,2.0,3.5,3.0,4
14,3.0,5,10,9,160.0,1000.0,-3.0,10,1171.0,3.5,2.9,75.0,1.0,1.0,3.0,3.0,3.0,1
14,3.0,5,10,9,160.0,1000.0,-3.0,16,2469.0,5.7,5.6,100.0,3.0,2.5,4.0,5.0,4.0,0
14,3.0,5,10,9,160.0,1000.0,-3.0,16,1337.0,10.5,7.5,63.0,3.5,2.5,2.5,2.0,2.5,0
14,3.0,5,10,9,160.0,1000.0,-3.0,17,1785.0,4.3,3.2,100.0,1.5,1.0,2.5,3.5,3.0,1
14,3.0,5,10,9,160.0,1000.0,-3.0,19,1598.0,13.6,7.3,38.0,3.0,3.0,2.0,2.5,2.0,2
14,3.0,5,10,9,160.0,1000.0,-3.0,22,2428.0,12.3,8.2,75.0,4.0,3.0,3.0,2.0,2.0,4
14,3.0,5,10,9,160.0,1000.0,-3.0,22,2430.0,9.7,7.1,100.0,4.0,3.0,2.0,2.5,2.5,4
14,3.0,5,10,9,160.0,1000.0,-3.0,22,1787.0,13.0,9.0,88.0,4.0,3.0,3.5,3.0,3.0,4
14,3.0,5,10,9,160.0,1000.0,-3.0,13,1780.0,4.9,2.8,63.0,2.0,3.0,3.0,3.5,3.5,3
14,3.0,5,10,9,160.0,1000.0,-3.0,24,2435.0,6.0,7.0,13.0,3.0,3.0,4.0,4.0,4.0,3
14,3.0,5,10,9,160.0,1000.0,-3.0,21,1524.0,11.8,7.4,88.0,2.5,2.0,2.5,3.0,3.0,2
14,3.0,5,10,9,160.0,1000.0,-3.0,25,1340.0,6.2,5.3,100.0,2.0,2.0,2.5,2.5,3.0,3
14,3.0,5,10,9,160.0,1000.0,-3.0,9,1595.0,1.5,1.8,88.0,1.5,1.0,3.0,4.0,3.0,3
4,1.0,3,8,7,180.0,1080.0,-3.0,3,1111.0,6.0,3.6,38.0,2.5,3.0,3.0,3.0,3.0,3
4,1.0,3,8,7,180.0,1080.0,-3.0,2,2620.0,2.3,3.2,50.0,1.0,1.0,3.0,3.0,3.0,1
4,1.0,3,8,7,180.0,1080.0,-3.0,2,2621.0,3.3,4.3,50.0,3.0,2.5,3.0,3.0,3.0,3
4,1.0,3,8,7,180.0,1080.0,-3.0,7,2426.0,53.9,5.0,100.0,2.5,3.5,3.0,3.0,3.0,3
4,1.0,3,8,7,180.0,1080.0,-3.0,7,1482.0,19.7,12.2,100.0,4.5,4.0,4.0,3.0,2.7,0
4,1.0,3,8,7,180.0,1080.0,-3.0,7,2548.0,22.2,12.8,100.0,5.0,4.0,3.0,3.0,2.0,0
4,1.0,3,8,7,180.0,1080.0,-3.0,8,2552.0,1.8,2.4,13.0,1.0,2.5,3.0,3.0,3.0,1
4,1.0,3,8,7,180.0,1080.0,-3.0,10,2631.0,7.0,5.2,25.0,2.0,3.0,2.5,2.0,3.0,1
4,1.0,3,8,7,180.0,1080.0,-3.0,14,1596.0,12.2,8.7,75.0,3.3,3.5,3.0,4.0,3.5,0
4,1.0,3,8,7,180.0,1080.0,-3.0,14,2634.0,6.6,8.1,50.0,2.8,4.0,3.0,4.0,3.5,2
4,1.0,3,8,7,180.0,1080.0,-3.0,14,2635.0,7.5,3.7,25.0,3.0,3.5,3.0,4.0,3.5,3
4,1.0,3,8,7,180.0,1080.0,-3.0,17,1259.0,9.6,8.0,100.0,3.0,2.0,3.0,3.5,3.0,2
4,1.0,3,8,7,180.0,1080.0,-3.0,17,1785.0,3.5,3.3,75.0,1.8,2.0,2.5,3.0,3.0,3
4,1.0,3,8,7,180.0,1080.0,-3.0,19,2573.0,15.0,8.0,75.0,3.0,4.0,3.0,3.2,2.5,2
4,1.0,3,8,7,180.0,1080.0,-3.0,22,2550.0,11.3,7.1,75.0,2.5,3.0,3.0,4.0,3.0,2
4,1.0,3,8,7,180.0,1080.0,-3.0,21,2575.0,2.7,3.4,50.0,1.0,1.0,2.0,2.0,3.0,1
4,1.0,3,8,7,180.0,1080.0,-3.0,25,1340.0,2.1,3.4,50.0,1.0,1.0,3.0,3.0,3.0,1
4,2.0,3,8,7,180.0,1080.0,-3.0,1,1592.0,7.5,8.1,25.0,2.0,3.0,3.0,4.0,4.0,2
4,2.0,3,8,7,180.0,1080.0,-3.0,1,2560.0,4.4,5.2,50.0,2.5,3.5,3.0,4.5,4.0,2
4,2.0,3,8,7,180.0,1080.0,-3.0,3,1111.0,12.3,6.8,71.0,4.2,3.0,3.0,2.0,2.0,2
4,2.0,3,8,7,180.0,1080.0,-3.0,2,2620.0,3.5,3.4,100.0,2.5,2.0,3.3,3.3,3.3,3
4,2.0,3,8,7,180.0,1080.0,-3.0,2,2621.0,3.1,2.6,75.0,2.5,2.0,3.3,3.3,3.3,3
4,2.0,3,8,7,180.0,1080.0,-3.0,7,2548.0,5.5,4.9,25.0,1.5,3.0,3.0,3.0,3.0,3
4,2.0,3,8,7,180.0,1080.0,-3.0,10,1171.0,7.0,9.0,75.0,2.0,2.0,3.0,3.0,3.0,3
4,2.0,3,8,7,180.0,1080.0,-3.0,14,1596.0,5.7,5.0,75.0,2.7,3.0,3.0,4.0,3.0,3
4,2.0,3,8,7,180.0,1080.0,-3.0,14,2569.0,19.4,15.4,75.0,4.5,3.5,3.5,4.0,3.0,4
4,2.0,3,8,7,180.0,1080.0,-3.0,14,2634.0,11.0,10.0,75.0,3.5,3.0,3.2,4.0,3.0,0
4,2.0,3,8,7,180.0,1080.0,-3.0,14,2635.0,5.9,4.4,75.0,3.0,3.0,3.0,4.0,3.0,2
4,2.0,3,8,7,180.0,1080.0,-3.0,22,2550.0,17.6,14.1,50.0,5.0,3.5,4.0,4.0,3.5,4
4,2.0,3,8,7,180.0,1080.0,-3.0,22,2553.0,6.3,6.4,50.0,3.0,3.0,4.0,4.0,4.0,2
4,2.0,3,8,7,180.0,1080.0,-3.0,22,2574.0,1.2,2.3,25.0,1.0,3.0,3.0,3.0,3.0,1
4,2.0,3,8,7,180.0,1080.0,-3.0,21,2575.0,7.0,5.3,50.0,2.0,3.5,2.0,3.0,3.0,1
4,2.0,3,8,7,180.0,1080.0,-3.0,25,1340.0,2.1,3.8,25.0,1.0,2.0,3.0,3.0,3.0,1
4,3.0,3,8,7,180.0,1080.0,-3.0,1,1592.0,11.8,8.1,75.0,3.0,4.0,3.0,4.0,3.0,4
4,3.0,3,8,7,180.0,1080.0,-3.0,3,1111.0,9.6,6.2,25.0,2.8,3.0,3.0,3.0,2.5,3
4,3.0,3,8,7,180.0,1080.0,-3.0,6,2638.0,0.6,1.8,25.0,1.5,3.0,3.0,3.0,3.0,1
4,3.0,3,8,7,180.0,1080.0,-3.0,10,1171.0,11.6,11.6,2.0,2.0,2.0,4.0,3.0,3.0,3
4,3.0,3,8,7,180.0,1080.0,-3.0,10,2631.0,9.1,7.0,25.0,1.3,1.0,2.0,2.0,3.0,1
4,3.0,3,8,7,180.0,1080.0,-3.0,17,1788.0,15.3,11.8,75.0,3.0,2.0,4.0,4.0,4.0,4
4,3.0,3,8,7,180.0,1080.0,-3.0,17,1259.0,7.6,8.2,25.0,2.0,2.0,4.0,4.0,4.0,2
4,3.0,3,8,7,180.0,1080.0,-3.0,17,2571.0,6.4,8.2,25.0,3.0,2.0,4.0,4.0,4.0,2
4,3.0,3,8,7,180.0,1080.0,-3.0,22,2553.0,19.1,13.5,50.0,5.0,4.0,4.0,4.0,3.0,4
4,3.0,3,8,7,180.0,1080.0,-3.0,22,2574.0,15.3,14.1,25.0,3.0,4.0,4.0,4.0,3.0,4
4,3.0,3,8,7,180.0,1080.0,-3.0,21,2575.0,4.8,4.1,50.0,2.0,1.5,3.0,3.0,3.0,3
4,3.0,3,8,7,180.0,1080.0,-3.0,25,1340.0,7.6,6.1,38.0,2.0,2.0,3.0,3.0,3.0,3
12,1.0,6,6,6,150.0,1250.0,-3.0,1,1592.0,24.2,17.9,38.0,3.5,3.5,3.0,3.3,2.5,0
12,1.0,6,6,6,150.0,1250.0,-3.0,1,2560.0,20.2,14.6,63.0,3.0,3.5,3.0,3.7,2.5,0
12,1.0,6,6,6,150.0,1250.0,-3.0,4,2562.0,17.4,14.1,63.0,3.5,4.0,3.7,4.0,3.5,0
12,1.0,6,6,6,150.0,1250.0,-3.0,5,1252.0,17.4,15.6,50.0,3.5,3.5,2.5,2.5,2.5,2
12,1.0,6,6,6,150.0,1250.0,-3.0,7,2548.0,41.0,16.6,50.0,3.3,3.0,2.0,1.5,1.5,0
12,1.0,6,6,6,150.0,1250.0,-3.0,14,1596.0,15.0,9.9,100.0,3.5,4.0,2.7,4.0,2.5,0
12,1.0,6,6,6,150.0,1250.0,-3.0,14,2569.0,17.8,11.8,50.0,3.0,3.0,3.0,4.0,2.5,0
12,1.0,6,6,6,150.0,1250.0,-3.0,15,2547.0,20.8,10.2,13.0,3.0,3.0,3.0,2.5,3.0,2
12,1.0,6,6,6,150.0,1250.0,-3.0,15,2568.0,24.9,16.7,63.0,3.0,2.5,2.7,3.0,2.0,2
12,1.0,6,6,6,150.0,1250.0,-3.0,16,1522.0,19.1,10.7,38.0,3.5,3.0,2.5,2.5,2.0,0
12,1.0,6,6,6,150.0,1250.0,-3.0,16,2570.0,17.6,12.2,50.0,3.0,2.7,3.0,3.5,2.7,2
12,1.0,6,6,6,150.0,1250.0,-3.0,17,2571.0,19.4,17.3,50.0,2.5,2.0,3.2,4.0,4.0,2
12,1.0,6,6,6,150.0,1250.0,-3.0,19,2573.0,21.7,17.4,88.0,3.0,3.5,3.0,3.3,2.3,0
12,1.0,6,6,6,150.0,1250.0,-3.0,22,2550.0,7.8,3.3,38.0,2.0,2.3,1.5,2.0,2.0,3
12,1.0,6,6,6,150.0,1250.0,-3.0,22,2553.0,25.6,17.4,50.0,3.7,3.0,2.7,3.0,2.0,2
12,1.0,6,6,6,150.0,1250.0,-3.0,21,2575.0,6.9,9.4,50.0,1.5,3.0,2.0,2.0,2.0,1
12,1.0,6,6,6,150.0,1250.0,-3.0,8,2552.0,31.9,20.5,25.0,3.7,3.5,2.5,2.5,1.5,2
12,1.0,6,6,6,150.0,1250.0,-3.0,22,2574.0,15.1,15.5,75.0,3.7,3.0,3.3,3.5,3.5,0
12,1.0,6,6,6,150.0,1250.0,-3.0,14,2634.0,21.7,14.8,38.0,3.0,3.0,3.0,4.0,2.3,0
12,2.0,6,6,6,150.0,1250.0,-3.0,1,1592.0,25.0,19.7,50.0,3.5,3.0,2.7,3.0,2.7,0
12,2.0,6,6,6,150.0,1250.0,-3.0,1,2560.0,17.4,16.1,38.0,3.0,3.0,2.5,3.5,2.5,0
12,2.0,6,6,6,150.0,1250.0,-3.0,4,2562.0,18.8,19.1,75.0,3.0,3.0,3.5,4.0,3.0,4
12,2.0,6,6,6,150.0,1250.0,-3.0,5,1252.0,15.4,11.9,75.0,2.9,2.7,2.5,3.0,2.5,2
12,2.0,6,6,6,150.0,1250.0,-3.0,7,2548.0,22.6,12.6,63.0,3.5,3.0,2.0,2.0,1.5,2
12,2.0,6,6,6,150.0,1250.0,-3.0,14,1596.0,21.4,16.8,75.0,3.0,3.2,3.3,3.5,3.0,0
12,2.0,6,6,6,150.0,1250.0,-3.0,14,2569.0,15.2,15.8,75.0,3.0,3.0,3.1,3.4,3.0,0
12,2.0,6,6,6,150.0,1250.0,-3.0,15,2568.0,20.5,19.3,50.0,3.0,2.2,3.3,3.3,3.0,0
12,2.0,6,6,6,150.0,1250.0,-3.0,16,1522.0,20.8,15.4,25.0,3.5,2.8,3.3,3.2,3.5,0
12,2.0,6,6,6,150.0,1250.0,-3.0,16,2570.0,23.0,19.9,50.0,4.0,2.7,3.5,3.3,3.5,4
12,2.0,6,6,6,150.0,1250.0,-3.0,17,1788.0,17.0,16.5,25.0,3.0,2.7,3.2,3.7,3.2,2
12,2.0,6,6,6,150.0,1250.0,-3.0,17,2571.0,19.7,20.1,50.0,3.0,2.0,3.3,3.7,4.0,0
12,2.0,6,6,6,150.0,1250.0,-3.0,18,2750.0,29.5,14.7,88.0,4.0,4.0,3.0,3.0,1.7,4
12,2.0,6,6,6,150.0,1250.0,-3.0,19,2573.0,23.3,17.7,75.0,3.0,3.0,3.0,3.5,2.5,4
12,2.0,6,6,6,150.0,1250.0,-3.0,22,2550.0,24.6,16.0,13.0,3.0,2.7,4.0,3.3,3.0,2
12,2.0,6,6,6,150.0,1250.0,-3.0,22,2553.0,23.5,21.1,50.0,4.5,3.5,3.3,3.2,2.8,0
12,2.0,6,6,6,150.0,1250.0,-3.0,21,2575.0,3.6,6.0,25.0,1.0,3.0,2.5,2.5,3.0,1
12,2.0,6,6,6,150.0,1250.0,-3.0,8,2552.0,31.7,18.9,63.0,3.8,3.2,3.0,3.0,2.0,0
12,2.0,6,6,6,150.0,1250.0,-3.0,16,2458.0,18.9,10.5,63.0,3.5,3.0,2.0,2.0,1.5,2
12,2.0,6,6,6,150.0,1250.0,-3.0,22,2574.0,24.4,20.3,75.0,4.5,3.5,3.3,3.2,2.8,0
12,3.0,6,6,6,150.0,1250.0,-3.0,1,1592.0,18.4,14.2,50.0,3.5,3.2,2.0,2.5,1.5,0
12,3.0,6,6,6,150.0,1250.0,-3.0,1,2560.0,18.6,8.3,13.0,2.5,3.5,2.0,2.0,2.0,2
12,3.0,6,6,6,150.0,1250.0,-3.0,4,2562.0,14.9,15.6,38.0,3.5,3.5,3.3,3.3,3.0,0
12,3.0,6,6,6,150.0,1250.0,-3.0,7,2548.0,41.5,14.6,25.0,3.0,3.0,1.5,1.5,1.0,2
12,3.0,6,6,6,150.0,1250.0,-3.0,14,1596.0,19.0,14.8,50.0,3.5,4.0,2.5,2.5,2.0,0
12,3.0,6,6,6,150.0,1250.0,-3.0,14,2569.0,15.6,12.9,63.0,3.0,3.0,2.5,3.0,2.0,0
12,3.0,6,6,6,150.0,1250.0,-3.0,15,2547.0,25.4,18.8,13.0,3.7,2.7,2.0,2.5,2.3,2
12,3.0,6,6,6,150.0,1250.0,-3.0,15,2568.0,47.7,18.6,13.0,3.5,2.7,2.0,2.0,2.0,0
12,3.0,6,6,6,150.0,1250.0,-3.0,16,1522.0,21.7,17.3,25.0,3.3,3.0,3.0,3.0,3.0,0
12,3.0,6,6,6,150.0,1250.0,-3.0,16,2570.0,34.7,15.4,13.0,4.0,3.0,2.5,2.5,2.0,2
12,3.0,6,6,6,150.0,1250.0,-3.0,17,1788.0,7.4,13.4,25.0,1.0,2.0,3.2,3.0,3.0,1
12,3.0,6,6,6,150.0,1250.0,-3.0,17,2571.0,22.0,19.3,50.0,4.0,2.5,3.3,3.3,3.0,4
12,3.0,6,6,6,150.0,1250.0,-3.0,18,2750.0,32.8,16.4,50.0,4.0,4.0,2.0,2.0,2.0,4
12,3.0,6,6,6,150.0,1250.0,-3.0,19,2573.0,27.4,17.9,38.0,3.0,3.3,2.5,3.0,2.0,0
12,3.0,6,6,6,150.0,1250.0,-3.0,22,2550.0,23.1,18.6,63.0,4.0,3.5,3.3,3.3,3.0,0
12,3.0,6,6,6,150.0,1250.0,-3.0,22,2553.0,20.3,18.4,75.0,3.5,3.0,3.3,3.3,3.0,0
12,3.0,6,6,6,150.0,1250.0,-3.0,21,2575.0,5.2,4.8,38.0,1.0,2.0,2.0,2.0,2.0,1
12,3.0,6,6,6,150.0,1250.0,-3.0,8,2552.0,15.0,9.0,25.0,4.0,4.0,2.0,1.5,1.0,2
12,3.0,6,6,6,150.0,1250.0,-3.0,22,2574.0,22.1,21.8,50.0,3.5,3.0,3.3,3.3,3.0,0
12,3.0,6,6,6,150.0,1250.0,-3.0,14,2634.0,26.3,20.1,25.0,3.1,3.0,3.0,3.0,2.0,0
5,1.0,3,9,7,180.0,1080.0,-3.0,4,2562.0,17.4,12.4,50.0,3.5,3.3,3.0,3.5,3.0,0
5,1.0,3,9,7,180.0,1080.0,-3.0,5,1252.0,13.0,11.2,88.0,4.0,4.0,2.5,2.0,2.0,2
5,1.0,3,9,7,180.0,1080.0,-3.0,4,1.0,6.8,7.2,75.0,3.0,3.0,2.7,3.0,3.0,2
5,1.0,3,9,7,180.0,1080.0,-3.0,7,2548.0,3.0,4.4,13.0,1.0,2.0,3.0,3.0,3.0,1
5,1.0,3,9,7,180.0,1080.0,-3.0,14,1596.0,7.7,6.6,50.0,3.0,3.5,3.5,4.0,4.0,2
5,1.0,3,9,7,180.0,1080.0,-3.0,14,2569.0,16.7,11.7,75.0,3.0,3.8,3.4,4.0,3.5,2
5,1.0,3,9,7,180.0,1080.0,-3.0,16,2458.0,8.5,7.0,13.0,2.0,3.0,3.0,3.0,3.0,3
5,1.0,3,9,7,180.0,1080.0,-3.0,17,1788.0,5.4,5.9,25.0,2.0,1.8,2.0,2.5,3.0,3
5,1.0,3,9,7,180.0,1080.0,-3.0,17,2571.0,14.8,14.2,50.0,3.0,1.7,4.0,4.0,3.5,0
5,1.0,3,9,7,180.0,1080.0,-3.0,18,2750.0,9.2,7.8,50.0,2.8,3.0,3.0,4.0,3.0,1
5,1.0,3,9,7,180.0,1080.0,-3.0,19,2573.0,5.2,4.4,13.0,1.5,2.5,3.0,3.0,3.0,1
5,1.0,3,9,7,180.0,1080.0,-3.0,22,2553.0,9.7,11.0,75.0,3.0,3.0,3.5,4.0,3.5,0
5,1.0,3,9,7,180.0,1080.0,-3.0,21,2575.0,13.5,8.8,88.0,2.7,2.0,2.5,3.0,3.0,2
5,1.0,3,9,7,180.0,1080.0,-3.0,8,2552.0,5.8,7.2,13.0,1.5,3.0,4.0,4.0,4.0,1
5,2.0,3,9,7,180.0,1080.0,-3.0,5,1252.0,5.4,4.6,63.0,3.0,3.0,2.0,2.0,3.0,3
5,2.0,3,9,7,180.0,1080.0,-3.0,4,1.0,11.9,9.8,63.0,3.0,4.0,2.5,2.5,2.5,2
5,2.0,3,9,7,180.0,1080.0,-3.0,7,1482.0,14.0,9.9,63.0,3.5,4.0,3.5,3.0,3.0,0
5,2.0,3,9,7,180.0,1080.0,-3.0,7,2548.0,23.6,11.8,88.0,4.5,4.0,3.0,2.5,2.0,0
5,2.0,3,9,7,180.0,1080.0,-3.0,8,2552.0,10.4,8.7,38.0,3.0,3.5,3.0,4.0,3.0,2
5,2.0,3,9,7,180.0,1080.0,-3.0,14,1596.0,7.8,6.8,100.0,3.0,3.0,3.5,4.5,3.5,0
5,2.0,3,9,7,180.0,1080.0,-3.0,14,2569.0,11.2,10.3,50.0,3.0,3.5,3.3,4.0,3.5,0
5,2.0,3,9,7,180.0,1080.0,-3.0,15,2547.0,9.1,8.0,75.0,2.8,2.0,3.3,3.3,3.0,2
5,2.0,3,9,7,180.0,1080.0,-3.0,15,2568.0,11.7,8.6,75.0,3.0,2.5,2.5,2.5,2.5,3
5,2.0,3,9,7,180.0,1080.0,-3.0,16,2570.0,3.8,4.9,13.0,2.0,2.5,3.0,4.0,3.0,1
5,2.0,3,9,7,180.0,1080.0,-3.0,17,1788.0,16.2,11.0,13.0,3.5,2.5,3.0,4.0,3.0,0
5,2.0,3,9,7,180.0,1080.0,-3.0,17,2571.0,8.8,7.9,63.0,3.5,2.5,3.5,4.0,4.0,0
5,2.0,3,9,7,180.0,1080.0,-3.0,18,2750.0,1.4,1.5,13.0,1.0,1.0,3.0,3.0,3.0,1
5,2.0,3,9,7,180.0,1080.0,-3.0,19,2573.0,1.5,3.0,13.0,1.0,3.0,3.0,3.0,3.0,1
5,2.0,3,9,7,180.0,1080.0,-3.0,22,2550.0,9.2,8.4,25.0,3.0,3.5,3.5,4.0,4.0,2
5,2.0,3,9,7,180.0,1080.0,-3.0,22,2553.0,4.8,4.4,38.0,2.0,3.5,3.5,4.0,3.5,3
5,2.0,3,9,7,180.0,1080.0,-3.0,21,2575.0,6.7,6.8,75.0,2.7,2.7,3.0,3.5,3.5,3
5,3.0,3,9,7,180.0,1080.0,-3.0,1,1592.0,15.7,10.7,75.0,3.0,4.0,3.0,4.0,3.0,4
5,3.0,3,9,7,180.0,1080.0,-3.0,1,2560.0,13.1,11.5,88.0,3.0,4.0,3.0,4.0,4.0,4
5,3.0,3,9,7,180.0,1080.0,-3.0,4,2562.0,9.9,7.5,50.0,3.0,4.0,3.0,4.0,3.0,2
5,3.0,3,9,7,180.0,1080.0,-3.0,5,1252.0,5.9,5.6,50.0,3.0,4.0,2.5,2.5,3.0,3
5,3.0,3,9,7,180.0,1080.0,-3.0,4,1.0,9.1,9.7,50.0,3.0,4.0,3.0,3.0,3.0,2
5,3.0,3,9,7,180.0,1080.0,-3.0,7,1482.0,6.9,5.2,38.0,2.5,3.0,3.0,4.0,3.5,3
5,3.0,3,9,7,180.0,1080.0,-3.0,7,2548.0,16.2,13.3,13.0,3.0,4.0,4.0,3.5,3.0,2
5,3.0,3,9,7,180.0,1080.0,-3.0,8,2552.0,1.6,2.9,38.0,2.5,3.0,3.0,3.0,3.0,3
5,3.0,3,9,7,180.0,1080.0,-3.0,14,2569.0,5.3,5.9,50.0,3.0,4.0,3.5,4.0,3.5,2
5,3.0,3,9,7,180.0,1080.0,-3.0,15,2547.0,24.7,14.2,88.0,4.5,3.0,3.0,3.0,2.8,4
5,3.0,3,9,7,180.0,1080.0,-3.0,15,2568.0,9.1,7.0,13.0,2.8,2.5,3.0,3.0,2.5,3
5,3.0,3,9,7,180.0,1080.0,-3.0,16,1522.0,1.4,2.8,13.0,1.0,3.0,3.0,3.0,3.0,1
5,3.0,3,9,7,180.0,1080.0,-3.0,16,2458.0,2.1,3.1,38.0,1.3,3.0,3.0,3.0,3.0,1
5,3.0,3,9,7,180.0,1080.0,-3.0,16,2570.0,21.4,14.1,38.0,4.0,3.5,3.0,3.5,3.0,0
5,3.0,3,9,7,180.0,1080.0,-3.0,17,2571.0,8.8,7.3,38.0,3.5,2.5,3.0,4.0,3.3,3
5,3.0,3,9,7,180.0,1080.0,-3.0,18,2750.0,3.4,3.7,50.0,2.0,2.5,3.0,4.0,3.0,3
5,3.0,3,9,7,180.0,1080.0,-3.0,22,2553.0,8.1,8.0,88.0,3.0,3.0,3.5,4.0,4.0,2
5,3.0,3,9,7,180.0,1080.0,-3.0,21,2575.0,2.6,4.6,38.0,2.0,1.5,3.0,3.0,3.0,1
6,1.0,5,11,8,220.0,1050.0,-2.0,1,1592.0,23.6,9.9,75.0,3.0,4.0,3.0,4.0,3.0,0
6,1.0,5,11,8,220.0,1050.0,-2.0,1,2560.0,20.7,8.7,100.0,3.5,3.5,2.5,4.0,4.0,4
6,1.0,5,11,8,220.0,1050.0,-2.0,4,2562.0,19.6,11.0,100.0,4.0,3.0,3.0,3.0,3.0,0
6,1.0,5,11,8,220.0,1050.0,-2.0,5,1252.0,14.1,8.8,100.0,3.0,2.5,1.5,2.0,2.0,3
6,1.0,5,11,8,220.0,1050.0,-2.0,7,1482.0,22.6,8.8,88.0,2.0,3.0,3.0,3.0,3.0,3
6,1.0,5,11,8,220.0,1050.0,-2.0,7,2548.0,16.0,6.2,63.0,3.5,4.0,2.8,2.8,2.5,2
6,1.0,5,11,8,220.0,1050.0,-2.0,14,1596.0,16.2,7.7,88.0,3.5,3.0,2.5,4.0,3.0,4
6,1.0,5,11,8,220.0,1050.0,-2.0,14,2569.0,18.4,8.7,100.0,3.5,3.5,2.8,4.0,2.8,0
6,1.0,5,11,8,220.0,1050.0,-2.0,15,2547.0,21.2,9.6,100.0,3.5,2.5,3.0,3.0,2.0,0
6,1.0,5,11,8,220.0,1050.0,-2.0,15,2568.0,16.7,7.6,100.0,3.5,2.8,3.0,3.0,2.0,0
6,1.0,5,11,8,220.0,1050.0,-2.0,16,1522.0,15.7,7.8,88.0,3.5,2.8,3.0,3.5,3.5,4
6,1.0,5,11,8,220.0,1050.0,-2.0,16,2570.0,16.6,8.2,100.0,3.5,3.0,3.5,3.3,3.0,0
6,1.0,5,11,8,220.0,1050.0,-2.0,17,2571.0,13.7,5.2,63.0,2.5,2.0,2.5,3.3,3.0,0
6,1.0,5,11,8,220.0,1050.0,-2.0,18,2750.0,12.8,7.2,50.0,2.3,4.5,2.5,3.0,3.0,2
6,1.0,5,11,8,220.0,1050.0,-2.0,22,2553.0,20.8,11.4,88.0,2.5,3.3,3.3,3.0,2.3,2
6,1.0,5,11,8,220.0,1050.0,-2.0,21,2575.0,6.6,5.1,88.0,2.5,2.5,2.5,3.0,3.0,2
6,1.0,5,11,8,220.0,1050.0,-2.0,8,2552.0,18.9,9.6,75.0,3.0,3.0,3.0,3.3,3.0,0
6,2.0,5,11,8,220.0,1050.0,-2.0,1,1592.0,24.3,10.5,50.0,3.5,3.0,3.0,4.0,2.5,0
6,2.0,5,11,8,220.0,1050.0,-2.0,1,2560.0,16.5,7.1,75.0,3.0,3.5,2.5,4.0,3.0,0
6,2.0,5,11,8,220.0,1050.0,-2.0,4,2562.0,17.6,9.9,88.0,3.3,3.3,3.0,3.5,3.3,0
6,2.0,5,11,8,220.0,1050.0,-2.0,5,1252.0,12.5,9.2,100.0,3.0,2.8,2.0,2.8,2.0,3
6,2.0,5,11,8,220.0,1050.0,-2.0,7,1482.0,21.8,8.5,100.0,2.0,3.0,3.0,3.0,3.0,1
6,2.0,5,11,8,220.0,1050.0,-2.0,7,2548.0,13.7,5.4,88.0,4.0,3.0,2.0,3.0,1.5,0
6,2.0,5,11,8,220.0,1050.0,-2.0,14,1596.0,11.0,5.2,50.0,3.3,3.0,3.3,4.0,3.5,0
6,2.0,5,11,8,220.0,1050.0,-2.0,14,2569.0,20.9,9.9,25.0,1.5,3.0,3.0,3.0,3.0,1
6,2.0,5,11,8,220.0,1050.0,-2.0,15,2547.0,20.3,9.3,100.0,4.0,2.5,2.8,2.5,2.5,0
6,2.0,5,11,8,220.0,1050.0,-2.0,15,2568.0,20.3,9.3,88.0,2.0,2.5,3.0,3.0,2.0,3
6,2.0,5,11,8,220.0,1050.0,-2.0,16,1522.0,7.6,3.8,63.0,2.0,3.0,3.0,3.0,3.0,1
6,2.0,5,11,8,220.0,1050.0,-2.0,16,2570.0,19.0,9.4,75.0,3.5,3.0,3.5,3.5,3.5,0
6,2.0,5,11,8,220.0,1050.0,-2.0,17,2571.0,16.2,6.2,100.0,3.0,2.3,3.0,4.0,4.0,0
6,2.0,5,11,8,220.0,1050.0,-2.0,18,2750.0,14.5,8.2,88.0,1.0,3.0,3.0,3.0,3.0,1
6,2.0,5,11,8,220.0,1050.0,-2.0,22,2553.0,11.3,6.4,50.0,4.0,3.5,3.5,3.5,3.0,0
6,2.0,5,11,8,220.0,1050.0,-2.0,21,2575.0,13.3,8.8,75.0,2.8,3.0,2.5,3.0,2.5,3
6,2.0,5,11,8,220.0,1050.0,-2.0,8,2552.0,14.9,7.6,50.0,4.0,4.0,2.0,3.0,2.0,0
6,3.0,5,11,8,220.0,1050.0,-2.0,1,1592.0,19.3,8.3,100.0,3.5,3.5,2.5,3.5,2.5,0
6,3.0,5,11,8,220.0,1050.0,-2.0,1,2560.0,21.3,9.1,88.0,3.3,3.5,2.5,3.3,3.0,0
6,3.0,5,11,8,220.0,1050.0,-2.0,4,2562.0,17.6,9.9,100.0,3.5,3.0,3.0,3.3,3.3,0
6,3.0,5,11,8,220.0,1050.0,-2.0,5,1252.0,10.4,7.5,100.0,2.7,3.0,2.0,2.0,2.0,3
6,3.0,5,11,8,220.0,1050.0,-2.0,7,1482.0,22.4,8.7,100.0,3.7,3.0,3.2,3.3,2.6,0
6,3.0,5,11,8,220.0,1050.0,-2.0,7,2548.0,6.3,3.6,100.0,3.0,3.0,2.0,2.5,2.5,3
6,3.0,5,11,8,220.0,1050.0,-2.0,14,1596.0,14.8,7.0,100.0,3.0,4.0,2.0,3.5,3.0,0
6,3.0,5,11,8,220.0,1050.0,-2.0,14,2569.0,10.1,4.8,100.0,2.7,3.5,2.8,4.0,4.0,0
6,3.0,5,11,8,220.0,1050.0,-2.0,15,2547.0,18.2,8.3,75.0,4.0,2.3,3.3,3.3,3.0,0
6,3.0,5,11,8,220.0,1050.0,-2.0,15,2568.0,21.1,9.6,63.0,4.0,3.0,4.0,3.3,3.0,0
6,3.0,5,11,8,220.0,1050.0,-2.0,16,1522.0,17.8,8.8,88.0,3.5,3.0,3.0,3.0,2.7,0
6,3.0,5,11,8,220.0,1050.0,-2.0,16,2570.0,18.3,9.1,50.0,3.5,3.0,2.5,3.0,2.5,2
6,3.0,5,11,8,220.0,1050.0,-2.0,17,2571.0,14.5,5.6,100.0,3.0,2.0,3.0,4.0,3.5,2
6,3.0,5,11,8,220.0,1050.0,-2.0,18,2750.0,13.3,8.9,100.0,4.0,4.0,3.0,3.5,3.5,0
6,3.0,5,11,8,220.0,1050.0,-2.0,22,2553.0,11.6,6.6,100.0,3.0,2.7,3.3,4.0,4.0,0
6,3.0,5,11,8,220.0,1050.0,-2.0,21,2575.0,15.9,9.1,88.0,3.0,3.0,2.0,2.5,2.5,3
6,3.0,5,11,8,220.0,1050.0,-2.0,8,2552.0,14.2,7.2,63.0,4.0,3.0,3.0,2.8,2.0,2
6,3.0,5,11,8,220.0,1050.0,-2.0,8,2751.0,12.4,6.3,71.0,4.0,4.0,2.5,3.5,2.5,0
6,3.0,5,11,8,220.0,1050.0,-2.0,22,2574.0,7.2,4.1,57.0,3.0,3.0,2.0,3.0,2.0,2
10,1.0,5,12,10,300.0,1200.0,-3.0,1,1592.0,10.4,5.8,75.0,3.0,3.0,2.0,3.0,2.0,2
10,1.0,5,12,10,300.0,1200.0,-3.0,1,2560.0,11.7,7.3,100.0,3.0,3.0,2.0,3.0,2.0,2
10,1.0,5,12,10,300.0,1200.0,-3.0,3,1111.0,11.0,7.2,100.0,2.0,3.0,3.0,3.0,3.0,2
10,1.0,5,12,10,300.0,1200.0,-3.0,2,2620.0,7.9,6.2,100.0,3.5,1.5,2.0,2.0,2.0,3
10,1.0,5,12,10,300.0,1200.0,-3.0,2,2621.0,7.6,6.7,100.0,3.5,2.0,2.0,2.0,2.0,3
10,1.0,5,12,10,300.0,1200.0,-3.0,6,2638.0,1.3,1.7,50.0,1.0,3.0,2.0,3.0,3.0,1
10,1.0,5,12,10,300.0,1200.0,-3.0,7,2426.0,11.8,7.5,50.0,3.0,3.0,4.0,3.0,3.0,2
10,1.0,5,12,10,300.0,1200.0,-3.0,7,1482.0,6.5,5.8,100.0,3.0,3.0,3.0,3.0,3.0,0
10,1.0,5,12,10,300.0,1200.0,-3.0,7,2548.0,7.7,5.7,100.0,3.0,3.0,4.0,4.0,4.0,2
10,1.0,5,12,10,300.0,1200.0,-3.0,10,1171.0,10.8,3.4,100.0,3.0,2.0,1.0,1.0,1.0,1
10,1.0,5,12,10,300.0,1200.0,-3.0,10,2631.0,17.8,6.6,75.0,4.0,2.0,1.0,1.0,1.0,3
10,1.0,5,12,10,300.0,1200.0,-3.0,14,2569.0,12.5,6.6,100.0,3.0,3.0,3.0,3.0,3.0,0
10,1.0,5,12,10,300.0,1200.0,-3.0,14,2634.0,8.0,5.9,75.0,2.5,3.0,3.0,3.0,3.5,2
10,1.0,5,12,10,300.0,1200.0,-3.0,14,2635.0,8.6,7.5,100.0,3.5,3.0,2.5,3.5,3.0,0
10,1.0,5,12,10,300.0,1200.0,-3.0,16,2570.0,6.0,5.4,100.0,3.0,2.5,3.5,3.5,3.0,2
10,1.0,5,12,10,300.0,1200.0,-3.0,17,1788.0,6.8,6.8,75.0,1.0,1.0,3.0,3.0,3.0,1
10,1.0,5,12,10,300.0,1200.0,-3.0,17,1259.0,14.0,9.1,100.0,4.0,2.0,2.0,2.0,2.0,2
10,1.0,5,12,10,300.0,1200.0,-3.0,17,1785.0,8.6,6.0,100.0,1.5,1.0,3.0,3.0,3.0,1
10,1.0,5,12,10,300.0,1200.0,-3.0,17,2571.0,16.8,13.2,100.0,4.0,2.0,3.0,3.0,2.5,0
10,1.0,5,12,10,300.0,1200.0,-3.0,19,2573.0,2.4,3.1,50.0,1.5,4.0,1.0,2.0,3.0,1
10,1.0,5,12,10,300.0,1200.0,-3.0,22,2550.0,9.8,8.7,75.0,2.0,2.0,4.0,4.0,4.0,2
10,1.0,5,12,10,300.0,1200.0,-3.0,22,1352.0,5.0,4.0,75.0,2.0,2.5,3.0,3.0,3.0,3
10,1.0,5,12,10,300.0,1200.0,-3.0,22,2432.0,8.9,6.1,75.0,2.5,3.0,4.0,4.0,3.5,2
10,1.0,5,12,10,300.0,1200.0,-3.0,22,2553.0,13.4,6.6,75.0,3.0,2.5,3.0,3.0,2.5,2
10,1.0,5,12,10,300.0,1200.0,-3.0,22,2574.0,13.4,9.0,100.0,4.0,2.0,4.0,3.0,2.5,0
10,1.0,5,12,10,300.0,1200.0,-3.0,21,2575.0,9.8,5.7,100.0,1.5,1.5,2.0,2.0,2.0,1
10,2.0,5,12,10,300.0,1200.0,-3.0,1,1592.0,4.7,5.3,100.0,2.0,3.0,3.0,4.0,4.0,0
10,2.0,5,12,10,300.0,1200.0,-3.0,1,2560.0,6.4,4.6,100.0,3.0,4.0,2.0,3.0,4.0,2
10,2.0,5,12,10,300.0,1200.0,-3.0,3,1111.0,19.0,10.7,75.0,3.0,3.0,3.5,3.0,3.0,0
10,2.0,5,12,10,300.0,1200.0,-3.0,2,2620.0,7.3,5.9,100.0,2.0,2.0,3.0,4.0,4.0,3
10,2.0,5,12,10,300.0,1200.0,-3.0,2,2621.0,8.1,5.0,100.0,3.0,1.0,4.0,4.0,4.0,2
10,2.0,5,12,10,300.0,1200.0,-3.0,6,2638.0,5.2,3.5,50.0,2.0,3.0,3.0,3.0,4.0,3
10,2.0,5,12,10,300.0,1200.0,-3.0,7,2426.0,16.7,9.5,50.0,4.0,3.0,4.0,4.0,3.0,4
10,2.0,5,12,10,300.0,1200.0,-3.0,7,1482.0,2.4,2.7,50.0,1.0,3.0,3.0,3.0,3.0,1
10,2.0,5,12,10,300.0,1200.0,-3.0,7,2548.0,10.1,6.5,50.0,3.0,3.0,4.0,4.0,4.0,2
10,2.0,5,12,10,300.0,1200.0,-3.0,8,2552.0,17.2,12.4,50.0,4.0,4.0,4.0,4.0,4.0,0
10,2.0,5,12,10,300.0,1200.0,-3.0,10,1171.0,1.3,1.1,25.0,1.5,3.0,0.0,2.0,3.0,1
10,2.0,5,12,10,300.0,1200.0,-3.0,10,2631.0,5.8,4.6,25.0,2.0,2.0,3.0,3.0,3.0,1
10,2.0,5,12,10,300.0,1200.0,-3.0,14,1595.0,15.7,9.0,100.0,3.0,3.0,4.0,4.0,3.0,0
10,2.0,5,12,10,300.0,1200.0,-3.0,14,2569.0,17.0,10.4,100.0,3.0,3.0,4.0,4.0,3.0,0
10,2.0,5,12,10,300.0,1200.0,-3.0,14,2634.0,17.8,10.4,50.0,3.0,3.0,2.0,2.0,2.0,2
10,2.0,5,12,10,300.0,1200.0,-3.0,14,2635.0,17.4,10.7,75.0,3.0,2.0,4.0,4.0,3.0,0
10,2.0,5,12,10,300.0,1200.0,-3.0,16,2570.0,10.2,7.7,100.0,3.0,3.0,4.0,4.0,4.0,0
10,2.0,5,12,10,300.0,1200.0,-3.0,17,1788.0,6.1,4.2,100.0,1.5,1.5,2.0,2.0,1.0,1
10,2.0,5,12,10,300.0,1200.0,-3.0,17,1259.0,10.4,5.6,100.0,3.0,2.0,2.0,2.0,1.0,3
10,2.0,5,12,10,300.0,1200.0,-3.0,17,1785.0,2.6,2.9,75.0,1.0,1.0,2.0,2.0,3.0,1
10,2.0,5,12,10,300.0,1200.0,-3.0,17,2571.0,9.0,4.1,75.0,4.0,2.0,2.0,2.0,2.0,2
10,2.0,5,12,10,300.0,1200.0,-3.0,19,2573.0,7.8,4.3,25.0,2.0,4.0,1.0,2.0,3.0,1
10,2.0,5,12,10,300.0,1200.0,-3.0,22,2550.0,5.4,4.0,50.0,1.0,2.0,3.0,3.0,3.0,1
10,2.0,5,12,10,300.0,1200.0,-3.0,22,1352.0,11.9,11.0,100.0,3.5,3.0,4.0,4.0,3.5,0
10,2.0,5,12,10,300.0,1200.0,-3.0,22,2432.0,12.4,10.8,75.0,3.0,3.0,4.0,4.0,4.0,0
10,2.0,5,12,10,300.0,1200.0,-3.0,22,2553.0,18.0,13.7,100.0,5.0,3.0,4.5,4.5,4.0,4
10,2.0,5,12,10,300.0,1200.0,-3.0,22,2574.0,10.1,12.7,100.0,2.5,2.5,5.0,5.0,5.0,0
10,2.0,5,12,10,300.0,1200.0,-3.0,21,2575.0,8.6,3.3,75.0,2.0,3.0,2.0,2.0,2.0,1
10,2.0,5,12,10,300.0,1200.0,-3.0,25,1340.0,1.6,2.2,50.0,1.0,2.0,2.0,2.0,3.0,1
10,3.0,5,12,10,300.0,1200.0,-3.0,1,1592.0,20.4,10.4,75.0,3.0,4.0,2.0,3.0,2.0,0
10,3.0,5,12,10,300.0,1200.0,-3.0,1,2560.0,16.0,8.7,100.0,3.0,4.0,4.0,4.0,4.0,0
10,3.0,5,12,10,300.0,1200.0,-3.0,3,1111.0,11.9,7.2,100.0,3.0,2.0,3.0,3.0,3.0,2
10,3.0,5,12,10,300.0,1200.0,-3.0,2,2620.0,2.7,2.1,100.0,2.0,1.5,1.0,2.0,3.0,1
10,3.0,5,12,10,300.0,1200.0,-3.0,2,2621.0,5.1,2.7,75.0,3.0,2.0,2.0,2.0,3.0,3
10,3.0,5,12,10,300.0,1200.0,-3.0,6,2638.0,12.2,5.8,25.0,2.0,3.0,3.0,3.0,3.0,3
10,3.0,5,12,10,300.0,1200.0,-3.0,7,2426.0,21.9,9.8,100.0,4.0,3.0,3.5,3.0,2.0,0
10,3.0,5,12,10,300.0,1200.0,-3.0,7,1482.0,24.2,10.3,75.0,4.5,3.0,4.0,3.0,2.0,0
10,3.0,5,12,10,300.0,1200.0,-3.0,7,2548.0,24.8,10.7,100.0,4.5,3.0,4.0,3.0,2.0,0
10,3.0,5,12,10,300.0,1200.0,-3.0,8,2552.0,16.8,10.3,75.0,4.0,3.0,4.0,4.0,3.0,4
10,3.0,5,12,10,300.0,1200.0,-3.0,10,1171.0,8.4,3.9,100.0,3.0,2.0,1.0,2.0,1.0,1
10,3.0,5,12,10,300.0,1200.0,-3.0,10,2631.0,5.8,4.3,75.0,2.0,3.0,2.0,2.0,2.0,1
10,3.0,5,12,10,300.0,1200.0,-3.0,14,1595.0,16.5,7.2,100.0,3.0,2.5,3.0,4.0,2.0,0
10,3.0,5,12,10,300.0,1200.0,-3.0,14,2569.0,13.7,7.6,75.0,2.5,2.0,3.0,3.0,3.0,2
10,3.0,5,12,10,300.0,1200.0,-3.0,14,2634.0,16.3,7.8,100.0,3.0,3.0,3.0,3.0,3.0,2
10,3.0,5,12,10,300.0,1200.0,-3.0,14,2635.0,13.7,8.6,75.0,3.0,3.0,3.0,3.0,3.0,2
10,3.0,5,12,10,300.0,1200.0,-3.0,16,2570.0,16.9,8.1,75.0,2.5,2.0,2.5,2.5,2.0,2
10,3.0,5,12,10,300.0,1200.0,-3.0,17,1788.0,2.7,2.3,75.0,1.0,1.5,2.0,2.0,2.0,1
10,3.0,5,12,10,300.0,1200.0,-3.0,17,1259.0,11.7,6.2,75.0,3.0,2.0,3.0,3.0,3.0,2
10,3.0,5,12,10,300.0,1200.0,-3.0,17,1785.0,3.0,1.8,75.0,1.0,2.0,2.0,2.0,2.0,1
10,3.0,5,12,10,300.0,1200.0,-3.0,17,2571.0,6.4,3.3,75.0,2.0,2.0,2.0,2.0,2.0,3
10,3.0,5,12,10,300.0,1200.0,-3.0,19,2573.0,10.8,6.6,100.0,2.5,4.0,3.0,3.0,2.0,2
10,3.0,5,12,10,300.0,1200.0,-3.0,22,2550.0,14.6,8.7,100.0,3.0,2.0,4.0,3.0,3.0,2
10,3.0,5,12,10,300.0,1200.0,-3.0,22,1352.0,18.0,13.1,75.0,4.0,3.0,4.0,3.5,3.0,0
10,3.0,5,12,10,300.0,1200.0,-3.0,22,2432.0,18.9,14.2,75.0,5.0,3.0,5.0,4.0,4.5,4
10,3.0,5,12,10,300.0,1200.0,-3.0,22,2553.0,17.7,11.9,75.0,4.0,3.0,5.0,4.0,4.0,4
10,3.0,5,12,10,300.0,1200.0,-3.0,22,2574.0,13.6,9.3,75.0,3.0,3.0,4.0,4.0,3.5,0
10,3.0,5,12,10,300.0,1200.0,-3.0,21,2575.0,9.6,5.1,50.0,1.0,0.5,2.0,2.0,2.0,1
10,3.0,5,12,10,300.0,1200.0,-3.0,25,1340.0,2.6,2.4,50.0,1.0,1.5,1.0,2.0,2.0,1
9,1.0,7,5,4,150.0,1300.0,-2.0,1,1592.0,43.3,17.2,20.0,4.5,4.5,3.7,4.0,3.0,4
9,1.0,7,5,4,150.0,1300.0,-2.0,1,2560.0,24.9,14.3,10.0,3.0,4.0,3.5,4.0,3.0,0
9,1.0,7,5,4,150.0,1300.0,-2.0,4,2562.0,29.2,13.6,30.0,3.6,3.8,3.5,3.9,3.7,0
9,1.0,7,5,4,150.0,1300.0,-2.0,5,1252.0,26.6,10.8,40.0,3.6,3.8,2.6,2.6,2.5,0
9,1.0,7,5,4,150.0,1300.0,-2.0,7,2548.0,35.5,13.0,20.0,3.2,3.5,2.5,2.5,2.3,0
9,1.0,7,5,4,150.0,1300.0,-2.0,7,1482.0,38.2,16.8,10.0,3.5,4.0,3.3,4.0,3.5,4
9,1.0,7,5,4,150.0,1300.0,-2.0,8,2552.0,33.9,14.2,20.0,3.1,3.5,3.2,3.8,2.5,0
9,1.0,7,5,4,150.0,1300.0,-2.0,15,2547.0,37.5,17.4,40.0,4.5,2.6,3.6,2.9,2.3,0
9,1.0,7,5,4,150.0,1300.0,-2.0,15,2568.0,31.6,13.9,60.0,3.6,2.6,3.6,3.3,2.8,0
9,1.0,7,5,4,150.0,1300.0,-2.0,14,1596.0,20.1,13.6,20.0,3.0,4.0,4.0,4.0,4.0,2
9,1.0,7,5,4,150.0,1300.0,-2.0,14,2569.0,22.2,14.6,20.0,3.0,4.0,3.0,3.4,3.0,0
9,1.0,7,5,4,150.0,1300.0,-2.0,14,2634.0,40.5,19.0,10.0,4.5,4.5,3.0,4.0,2.0,0
9,1.0,7,5,4,150.0,1300.0,-2.0,14,2635.0,20.4,10.2,10.0,3.3,4.5,3.3,4.0,3.5,0
9,1.0,7,5,4,150.0,1300.0,-2.0,16,2570.0,24.9,11.7,40.0,3.3,3.4,3.5,4.1,3.4,0
9,1.0,7,5,4,150.0,1300.0,-2.0,16,1522.0,33.2,14.8,40.0,3.7,3.5,3.6,3.6,2.9,0
9,1.0,7,5,4,150.0,1300.0,-2.0,17,1788.0,31.0,15.2,30.0,3.2,1.8,2.8,3.5,2.9,2
9,1.0,7,5,4,150.0,1300.0,-2.0,17,2571.0,31.3,15.7,30.0,4.1,2.3,3.4,4.0,3.1,0
9,1.0,7,5,4,150.0,1300.0,-2.0,19,2573.0,33.0,14.2,40.0,3.2,4.0,3.1,3.3,3.0,0
9,1.0,7,5,4,150.0,1300.0,-2.0,22,2550.0,20.2,10.7,30.0,2.7,3.0,4.0,4.2,3.7,0
9,1.0,7,5,4,150.0,1300.0,-2.0,22,2553.0,27.4,11.3,20.0,3.5,3.0,3.3,4.0,2.9,4
9,1.0,7,5,4,150.0,1300.0,-2.0,21,2575.0,19.9,6.8,40.0,1.6,1.8,2.3,2.5,2.3,3
9,2.0,7,5,4,150.0,1300.0,-2.0,1,1592.0,34.1,16.5,20.0,3.5,3.8,3.2,3.9,2.5,0
9,2.0,7,5,4,150.0,1300.0,-2.0,1,2560.0,35.8,21.5,10.0,3.3,3.5,4.0,4.5,3.0,4
9,2.0,7,5,4,150.0,1300.0,-2.0,4,2562.0,33.2,14.4,30.0,3.6,3.7,3.2,3.7,3.2,0
9,2.0,7,5,4,150.0,1300.0,-2.0,5,1252.0,27.1,11.9,90.0,3.3,3.7,2.1,2.1,2.0,2
9,2.0,7,5,4,150.0,1300.0,-2.0,7,2548.0,49.3,16.8,10.0,5.0,4.5,3.5,3.5,3.0,4
9,2.0,7,5,4,150.0,1300.0,-2.0,8,2552.0,15.5,7.8,10.0,2.0,4.0,4.0,4.0,4.0,3
9,2.0,7,5,4,150.0,1300.0,-2.0,15,2547.0,46.4,19.1,40.0,4.3,2.6,3.8,2.9,2.6,4
9,2.0,7,5,4,150.0,1300.0,-2.0,15,2568.0,52.8,21.0,50.0,4.5,2.7,3.9,3.4,2.6,4
9,2.0,7,5,4,150.0,1300.0,-2.0,14,1596.0,42085.0,17.0,40.0,3.9,3.9,3.2,3.3,2.4,4
9,2.0,7,5,4,150.0,1300.0,-2.0,14,2634.0,39.8,17.5,10.0,4.0,4.0,3.3,2.5,1.5,2
9,2.0,7,5,4,150.0,1300.0,-2.0,14,2635.0,32.5,14.6,10.0,2.7,3.0,3.0,4.0,3.0,0
9,2.0,7,5,4,150.0,1300.0,-2.0,16,2570.0,49.9,14.0,10.0,4.0,4.5,3.0,4.0,3.0,4
9,2.0,7,5,4,150.0,1300.0,-2.0,16,1522.0,52.3,15.4,10.0,5.0,4.5,2.5,2.0,2.5,0
9,2.0,7,5,4,150.0,1300.0,-2.0,17,1788.0,32.9,13.9,30.0,2.8,2.0,3.1,3.1,2.3,0
9,2.0,7,5,4,150.0,1300.0,-2.0,17,2571.0,39.8,18.0,40.0,4.3,2.5,3.4,3.8,3.1,4
9,2.0,7,5,4,150.0,1300.0,-2.0,19,2573.0,8.7,10.2,10.0,1.5,4.0,4.0,4.0,4.0,1
9,2.0,7,5,4,150.0,1300.0,-2.0,22,2550.0,28.0,14.6,10.0,3.0,3.5,3.5,3.0,3.0,0
9,2.0,7,5,4,150.0,1300.0,-2.0,22,2553.0,39.7,18.2,30.0,3.9,3.8,4.2,4.1,3.6,4
9,2.0,7,5,4,150.0,1300.0,-2.0,21,2575.0,13.8,10.6,10.0,1.5,3.0,2.0,4.0,3.0,1
9,3.0,7,5,4,150.0,1300.0,-2.0,4,2562.0,38.8,14.6,50.0,3.9,3.6,3.2,3.5,2.4,4
9,3.0,7,5,4,150.0,1300.0,-2.0,5,1252.0,26.0,12.2,10.0,3.0,3.0,2.5,3.3,3.0,2
9,3.0,7,5,4,150.0,1300.0,-2.0,7,2548.0,26.5,7.7,10.0,2.5,3.0,3.0,3.0,3.0,2
9,3.0,7,5,4,150.0,1300.0,-2.0,8,2552.0,14.2,7.1,10.0,2.0,3.0,3.0,4.0,4.0,3
9,3.0,7,5,4,150.0,1300.0,-2.0,15,2547.0,43.0,13.9,50.0,4.2,2.8,2.0,2.5,1.7,0
9,3.0,7,5,4,150.0,1300.0,-2.0,15,2568.0,40.1,12.3,50.0,4.1,2.5,2.3,2.6,1.7,0
9,3.0,7,5,4,150.0,1300.0,-2.0,14,1596.0,33.8,10.9,10.0,3.3,4.0,3.3,4.0,2.7,0
9,3.0,7,5,4,150.0,1300.0,-2.0,14,2569.0,31.3,10.2,10.0,3.5,4.0,3.0,4.0,3.0,4
9,3.0,7,5,4,150.0,1300.0,-2.0,14,2634.0,40.2,18.2,10.0,4.0,4.5,3.0,3.5,2.0,0
9,3.0,7,5,4,150.0,1300.0,-2.0,14,2635.0,30.8,14.6,20.0,3.8,4.0,3.5,4.0,2.9,0
9,3.0,7,5,4,150.0,1300.0,-2.0,16,2570.0,35.4,14.0,10.0,3.0,3.0,3.3,3.5,3.0,4
9,3.0,7,5,4,150.0,1300.0,-2.0,16,1522.0,42.4,13.4,40.0,4.0,3.4,3.0,3.5,2.1,4
9,3.0,7,5,4,150.0,1300.0,-2.0,17,1788.0,17.3,8.3,40.0,1.9,2.1,2.5,3.0,2.8,3
9,3.0,7,5,4,150.0,1300.0,-2.0,17,2571.0,41.9,15.2,30.0,4.2,2.8,2.6,3.3,2.2,0
9,3.0,7,5,4,150.0,1300.0,-2.0,22,2550.0,10.0,5.3,10.0,1.5,2.5,3.0,3.0,3.0,1
3,1.0,3,9,7,180.0,1080.0,-3.0,3,1111.0,2.8,3.4,3.0,1.0,2.0,3.0,3.0,3.0,1
3,1.0,3,9,7,180.0,1080.0,-3.0,4,2562.0,8.0,5.5,17.0,2.0,3.0,2.5,3.3,3.0,3
3,1.0,3,9,7,180.0,1080.0,-3.0,7,2426.0,8.3,5.9,4.0,2.0,3.5,3.0,3.0,3.0,1
3,1.0,3,9,7,180.0,1080.0,-3.0,7,2548.0,15.6,8.1,27.0,3.0,3.5,3.0,2.5,3.0,2
3,1.0,3,9,7,180.0,1080.0,-3.0,14,1596.0,4.6,3.6,13.0,2.0,3.0,2.0,3.0,3.0,1
3,1.0,3,9,7,180.0,1080.0,-3.0,14,2634.0,5.4,4.4,9.0,1.0,2.0,2.0,3.0,3.0,1
3,1.0,3,9,7,180.0,1080.0,-3.0,17,1788.0,13.1,8.1,14.0,1.5,1.5,2.0,3.0,3.0,3
3,1.0,3,9,7,180.0,1080.0,-3.0,17,2571.0,23.6,14.4,37.0,4.0,2.0,3.0,3.5,2.0,4
3,1.0,3,9,7,180.0,1080.0,-3.0,17,2622.0,16.2,9.8,85.0,4.0,2.0,2.5,4.0,2.5,4
3,1.0,3,9,7,180.0,1080.0,-3.0,22,2431.0,17.1,10.2,7.0,2.5,3.0,3.0,3.5,3.0,3
3,1.0,3,9,7,180.0,1080.0,-3.0,22,2553.0,14.7,9.7,21.0,3.0,3.0,3.3,3.5,3.3,2
3,1.0,3,9,7,180.0,1080.0,-3.0,22,2574.0,11.6,7.4,33.0,3.0,3.0,3.5,3.5,3.3,2
3,1.0,3,9,7,180.0,1080.0,-3.0,21,2575.0,9.5,6.2,50.0,2.0,1.8,2.5,3.0,2.5,3
3,1.0,3,9,7,180.0,1080.0,-3.0,17,1785.0,10.2,7.0,46.0,2.0,2.0,3.0,4.0,3.0,3
3,3.0,3,9,7,180.0,1080.0,-3.0,1,1592.0,14.2,11.4,35.0,3.0,3.0,3.0,4.0,3.0,0
3,3.0,3,9,7,180.0,1080.0,-3.0,1,2560.0,9.2,7.2,17.0,3.0,4.0,3.0,4.0,4.0,2
3,3.0,3,9,7,180.0,1080.0,-3.0,3,1111.0,6.9,4.5,48.0,3.0,3.0,2.5,2.0,2.0,2
3,3.0,3,9,7,180.0,1080.0,-3.0,4,2562.0,8.8,8.6,63.0,3.0,3.5,3.5,3.5,3.0,2
3,3.0,3,9,7,180.0,1080.0,-3.0,7,2426.0,17.4,9.0,45.0,4.5,4.5,3.0,2.0,1.5,4
3,3.0,3,9,7,180.0,1080.0,-3.0,7,2548.0,13.0,9.4,55.0,4.0,4.0,3.0,2.5,2.0,0
3,3.0,3,9,7,180.0,1080.0,-3.0,14,1596.0,17.3,9.0,48.0,3.5,3.0,3.3,4.0,3.0,4
3,3.0,3,9,7,180.0,1080.0,-3.0,14,2634.0,11.8,9.1,18.0,2.5,3.5,2.5,3.5,3.0,2
3,3.0,3,9,7,180.0,1080.0,-3.0,17,1788.0,9.5,6.8,13.0,2.5,1.8,2.5,4.0,3.0,2
3,3.0,3,9,7,180.0,1080.0,-3.0,17,1785.0,7.9,5.6,45.0,2.5,2.0,3.0,3.3,2.5,2
3,3.0,3,9,7,180.0,1080.0,-3.0,17,2571.0,12.7,10.6,37.0,3.0,2.0,3.5,4.5,4.3,4
3,3.0,3,9,7,180.0,1080.0,-3.0,17,2622.0,11.1,9.0,70.0,3.0,2.0,2.5,4.0,3.0,0
3,3.0,3,9,7,180.0,1080.0,-3.0,22,2431.0,10.2,10.0,36.0,3.0,3.0,4.0,4.5,3.5,2
3,3.0,3,9,7,180.0,1080.0,-3.0,22,2432.0,14.5,11.7,60.0,4.5,4.0,3.5,3.5,2.5,4
3,3.0,3,9,7,180.0,1080.0,-3.0,22,2550.0,15.4,10.8,13.0,3.0,2.7,3.5,3.5,3.0,2
3,3.0,3,9,7,180.0,1080.0,-3.0,22,2553.0,12.0,9.9,33.0,4.0,4.0,4.0,4.0,4.0,0
3,3.0,3,9,7,180.0,1080.0,-3.0,22,2574.0,12.4,9.7,67.0,4.0,4.0,3.5,4.0,3.0,0
3,3.0,3,9,7,180.0,1080.0,-3.0,21,2575.0,7.9,6.2,51.0,2.5,2.0,2.5,4.5,4.0,2
3,3.0,3,9,7,180.0,1080.0,-3.0,2,2621.0,6.0,4.0,43.0,2.5,2.0,3.3,4.0,3.5,2
7,1.0,0,2,2,150.0,900.0,-2.0,1,3266.0,21.9,10.0,59.7,3.1,2.9,3.0,3.2,2.8,1
7,1.0,0,2,2,150.0,900.0,-2.0,1,3267.0,33.6,15.4,59.7,3.1,2.9,3.0,3.2,2.8,1
7,1.0,0,2,2,150.0,900.0,-2.0,1,3268.0,18.0,3.3,59.7,3.1,2.9,3.0,3.2,2.8,1
7,1.0,0,2,2,150.0,900.0,-2.0,1,3269.0,24.7,11.3,59.7,3.1,2.9,3.0,3.2,2.8,1
7,1.0,0,2,2,150.0,900.0,-2.0,1,2770.0,20.8,9.5,59.7,3.1,2.9,3.0,3.2,2.8,1
7,1.0,0,2,2,150.0,900.0,-2.0,1,2460.0,29.6,13.5,59.7,3.1,2.9,3.0,3.2,2.8,1
7,1.0,0,2,2,150.0,900.0,-2.0,4,2562.0,40.4,17.1,59.7,3.1,2.9,3.0,3.2,2.8,1
7,1.0,0,2,2,150.0,900.0,-2.0,14,3270.0,27.7,12.6,59.7,3.1,2.9,3.0,3.2,2.8,1
7,1.0,0,2,2,150.0,900.0,-2.0,14,3271.0,18.7,8.5,59.7,3.1,2.9,3.0,3.2,2.8,1
7,1.0,0,2,2,150.0,900.0,-2.0,14,2569.0,36.6,16.7,59.7,3.1,2.9,3.0,3.2,2.8,1
7,1.0,0,2,2,150.0,900.0,-2.0,14,1596.0,25.8,11.8,59.7,3.1,2.9,3.0,3.2,2.8,1
7,1.0,0,2,2,150.0,900.0,-2.0,14,3068.0,4.1,1.9,59.7,3.1,2.9,3.0,3.2,2.8,1
7,1.0,0,2,2,150.0,900.0,-2.0,19,3272.0,26.6,11.4,59.7,3.1,2.9,3.0,3.2,2.8,1
7,1.0,0,2,2,150.0,900.0,-2.0,19,3273.0,10.1,4.3,59.7,3.1,2.9,3.0,3.2,2.8,1
7,1.0,0,2,2,150.0,900.0,-2.0,19,2573.0,23.6,10.1,59.7,3.1,2.9,3.0,3.2,2.8,1
7,1.0,0,2,2,150.0,900.0,-2.0,20,1257.0,21.1,9.6,59.7,3.1,2.9,3.0,3.2,2.8,1
7,1.0,0,2,2,150.0,900.0,-2.0,20,1825.0,19.8,9.0,59.7,3.1,2.9,3.0,3.2,2.8,1
7,1.0,0,2,2,150.0,900.0,-2.0,26,2768.0,32.1,12.0,59.7,3.1,2.9,3.0,3.2,2.8,1
7,1.0,0,2,2,150.0,900.0,-2.0,26,1609.0,34.0,12.8,59.7,3.1,2.9,3.0,3.2,2.8,1
7,1.0,0,2,2,150.0,900.0,-2.0,26,3275.0,15.2,5.7,59.7,3.1,2.9,3.0,3.2,2.8,1
7,1.0,0,2,2,150.0,900.0,-2.0,26,3274.0,26.9,10.1,59.7,3.1,2.9,3.0,3.2,2.8,1
7,2.0,0,2,2,150.0,900.0,-2.0,1,3266.0,25.7,11.8,59.7,3.1,2.9,3.0,3.2,2.8,1
7,2.0,0,2,2,150.0,900.0,-2.0,1,3267.0,19.9,13.6,59.7,3.1,2.9,3.0,3.2,2.8,1
7,2.0,0,2,2,150.0,900.0,-2.0,1,3268.0,17.7,8.1,59.7,3.1,2.9,3.0,3.2,2.8,1
7,2.0,0,2,2,150.0,900.0,-2.0,1,3269.0,25.7,11.7,59.7,3.1,2.9,3.0,3.2,2.8,1
7,2.0,0,2,2,150.0,900.0,-2.0,1,2770.0,11.2,5.1,59.7,3.1,2.9,3.0,3.2,2.8,1
7,2.0,0,2,2,150.0,900.0,-2.0,1,2460.0,25.8,11.8,59.7,3.1,2.9,3.0,3.2,2.8,1
7,2.0,0,2,2,150.0,900.0,-2.0,4,2562.0,33.6,14.2,59.7,3.1,2.9,3.0,3.2,2.8,1
7,2.0,0,2,2,150.0,900.0,-2.0,14,3270.0,35.8,16.3,59.7,3.1,2.9,3.0,3.2,2.8,1
7,2.0,0,2,2,150.0,900.0,-2.0,14,3271.0,23.5,10.7,59.7,3.1,2.9,3.0,3.2,2.8,1
7,2.0,0,2,2,150.0,900.0,-2.0,14,2569.0,27.8,12.6,59.7,3.1,2.9,3.0,3.2,2.8,1
7,2.0,0,2,2,150.0,900.0,-2.0,14,1596.0,32.9,15.0,59.7,3.1,2.9,3.0,3.2,2.8,1
7,2.0,0,2,2,150.0,900.0,-2.0,14,3068.0,32.2,14.6,59.7,3.1,2.9,3.0,3.2,2.8,1
7,2.0,0,2,2,150.0,900.0,-2.0,19,3272.0,35.4,15.1,59.7,3.1,2.9,3.0,3.2,2.8,1
7,2.0,0,2,2,150.0,900.0,-2.0,19,3273.0,24.7,10.6,59.7,3.1,2.9,3.0,3.2,2.8,1
7,2.0,0,2,2,150.0,900.0,-2.0,19,2573.0,27.7,11.8,59.7,3.1,2.9,3.0,3.2,2.8,1
7,2.0,0,2,2,150.0,900.0,-2.0,20,1257.0,26.2,12.0,59.7,3.1,2.9,3.0,3.2,2.8,1
7,2.0,0,2,2,150.0,900.0,-2.0,20,1825.0,17.5,8.0,59.7,3.1,2.9,3.0,3.2,2.8,1
7,2.0,0,2,2,150.0,900.0,-2.0,26,2768.0,29.9,11.2,59.7,3.1,2.9,3.0,3.2,2.8,1
7,2.0,0,2,2,150.0,900.0,-2.0,26,1609.0,21.9,8.2,59.7,3.1,2.9,3.0,3.2,2.8,1
7,2.0,0,2,2,150.0,900.0,-2.0,26,3275.0,28.2,10.6,59.7,3.1,2.9,3.0,3.2,2.8,1
7,2.0,0,2,2,150.0,900.0,-2.0,26,3274.0,19.9,7.5,59.7,3.1,2.9,3.0,3.2,2.8,1
7,3.0,0,2,2,150.0,900.0,-2.0,1,3266.0,20.2,9.2,59.7,3.1,2.9,3.0,3.2,2.8,1
7,3.0,0,2,2,150.0,900.0,-2.0,1,3267.0,16.6,7.6,59.7,3.1,2.9,3.0,3.2,2.8,1
7,3.0,0,2,2,150.0,900.0,-2.0,1,3268.0,14.3,6.5,59.7,3.1,2.9,3.0,3.2,2.8,1
7,3.0,0,2,2,150.0,900.0,-2.0,1,3269.0,25.3,11.6,59.7,3.1,2.9,3.0,3.2,2.8,1
7,3.0,0,2,2,150.0,900.0,-2.0,1,2770.0,15.2,7.0,59.7,3.1,2.9,3.0,3.2,2.8,1
7,3.0,0,2,2,150.0,900.0,-2.0,1,2460.0,24.2,11.0,59.7,3.1,2.9,3.0,3.2,2.8,1
7,3.0,0,2,2,150.0,900.0,-2.0,4,2562.0,29.1,12.3,59.7,3.1,2.9,3.0,3.2,2.8,1
7,3.0,0,2,2,150.0,900.0,-2.0,14,3270.0,29.3,13.3,59.7,3.1,2.9,3.0,3.2,2.8,1
7,3.0,0,2,2,150.0,900.0,-2.0,14,3271.0,12.2,5.6,59.7,3.1,2.9,3.0,3.2,2.8,1
7,3.0,0,2,2,150.0,900.0,-2.0,14,2569.0,22.9,10.4,59.7,3.1,2.9,3.0,3.2,2.8,1
7,3.0,0,2,2,150.0,900.0,-2.0,14,1596.0,30.2,13.7,59.7,3.1,2.9,3.0,3.2,2.8,1
7,3.0,0,2,2,150.0,900.0,-2.0,14,3068.0,29.8,13.6,59.7,3.1,2.9,3.0,3.2,2.8,1
7,3.0,0,2,2,150.0,900.0,-2.0,19,3272.0,33.7,14.4,59.7,3.1,2.9,3.0,3.2,2.8,1
7,3.0,0,2,2,150.0,900.0,-2.0,19,3273.0,25.8,11.1,59.7,3.1,2.9,3.0,3.2,2.8,1
7,3.0,0,2,2,150.0,900.0,-2.0,19,2573.0,20.7,8.9,59.7,3.1,2.9,3.0,3.2,2.8,1
7,3.0,0,2,2,150.0,900.0,-2.0,20,1257.0,21.3,9.7,59.7,3.1,2.9,3.0,3.2,2.8,1
7,3.0,0,2,2,150.0,900.0,-2.0,20,1825.0,19.6,9.0,59.7,3.1,2.9,3.0,3.2,2.8,1
7,3.0,0,2,2,150.0,900.0,-2.0,26,2768.0,26.4,9.9,59.7,3.1,2.9,3.0,3.2,2.8,1
7,3.0,0,2,2,150.0,900.0,-2.0,26,1609.0,26.2,9.8,59.7,3.1,2.9,3.0,3.2,2.8,1
7,3.0,0,2,2,150.0,900.0,-2.0,26,3275.0,17.4,6.5,59.7,3.1,2.9,3.0,3.2,2.8,1
7,3.0,0,2,2,150.0,900.0,-2.0,26,3274.0,20.6,7.7,59.7,3.1,2.9,3.0,3.2,2.8,1
15,1.0,2,13,11,150.0,1750.0,-2.0,1,2054.7,27.7,12.6,59.7,3.1,2.9,3.0,3.2,2.8,1
15,1.0,2,13,11,150.0,1750.0,-2.0,4,2054.7,30.9,13.0,59.7,3.1,2.9,3.0,3.2,2.8,1
15,1.0,2,13,11,150.0,1750.0,-2.0,14,2054.7,26.2,11.9,59.7,3.1,2.9,3.0,3.2,2.8,1
15,1.0,2,13,11,150.0,1750.0,-2.0,19,2054.7,38.5,16.5,59.7,3.1,2.9,3.0,3.2,2.8,1
15,1.0,2,13,11,150.0,1750.0,-2.0,20,2054.7,24.0,11.0,59.7,3.1,2.9,3.0,3.2,2.8,1
15,1.0,2,13,11,150.0,1750.0,-2.0,26,2054.7,29.0,10.9,59.7,3.1,2.9,3.0,3.2,2.8,1
11,1.0,6,7,6,100.0,1250.0,-2.0,7,2548.0,41.6,12.6,28.0,4.2,3.2,2.3,1.9,1.7,2
11,1.0,6,7,6,100.0,1250.0,-2.0,8,2552.0,33.4,10.6,33.0,4.5,4.0,2.8,3.0,1.5,0
11,1.0,6,7,6,100.0,1250.0,-2.0,15,2568.0,28.2,9.5,94.0,4.6,3.0,2.0,1.8,1.2,0
11,1.0,6,7,6,100.0,1250.0,-2.0,16,1522.0,27.4,11.5,67.0,4.7,3.3,3.4,3.4,3.0,0
11,1.0,6,7,6,100.0,1250.0,-2.0,22,2054.7,22.3,8.8,25.0,3.8,3.5,3.0,3.5,3.0,2
