customer,grain_screened,ink_color,proof_on_ctd_ink,blade_mfg,cylinder_division,paper_type,ink_type,direct_steam,solvent_type,type_on_cylinder,press_type,press,cylinder_size,paper_mill_location,plating_tank,proof_cut,viscosity,caliper,ink_temperature,humifity,roughness,blade_pressure,varnish_pct,press_speed,ink_pct,solvent_pct,ESA_Voltage,ESA_Amperage,wax,hardener,roller_durometer,current_density,anode_space_ratio,chrome_content,cls
63,2,0,2,1,0,2,2,1,1,2,2,4,3,3,1,55.0,46.0,3,17.0,78.0,0.8,20.0,13.1,1700.0,50.5,36.4,0.0,0.0,2.5,1.0,34.0,4,105.0,0,1
63,2,0,2,1,0,2,2,1,1,2,2,4,3,3,2,55.0,46.0,10,15.0,80.0,0.8,20.0,6.6,1900.0,54.9,38.5,0.0,0.0,2.5,0.7,34.0,4,105.0,0,0
51,2,0,2,1,0,2,0,1,1,2,3,2,1,3,2,62.0,40.0,16,16.0,80.0,0.7,30.0,6.5,1850.0,53.8,39.8,0.0,0.0,2.8,0.9,40.0,4,103.9,0,0
49,2,0,2,1,0,2,2,1,1,2,3,3,1,3,0,52.0,40.0,10,16.0,75.0,0.3,30.0,5.6,1467.0,55.6,38.8,0.0,0.0,2.5,1.3,40.0,4,108.1,0,0
46,1,0,2,1,0,2,0,1,1,2,3,3,3,0,0,50.0,46.0,10,17.0,80.0,0.8,30.0,0.0,2100.0,57.5,42.5,5.0,0.0,2.3,0.6,35.0,4,106.7,0,0
49,2,0,2,1,0,2,2,1,1,2,3,3,1,3,0,50.0,40.0,8,16.8,76.0,0.4,28.0,8.6,1467.0,53.8,37.6,5.0,0.0,2.5,0.8,40.0,4,103.9,0,0
57,1,0,2,1,0,0,0,1,1,2,2,6,3,1,1,50.0,46.0,10,16.5,75.0,0.8,30.0,0.0,2600.0,62.5,37.5,6.0,0.0,2.5,0.6,30.0,4,106.7,0,0
57,1,0,2,1,0,0,0,1,1,2,2,6,3,1,1,50.0,46.0,3,16.5,75.0,0.8,28.0,0.0,2600.0,62.5,37.5,6.0,0.0,2.5,1.1,30.0,4,106.7,0,0
51,2,0,2,1,0,2,2,1,3,2,0,0,1,3,0,50.0,45.0,14,12.0,70.0,0.8,60.0,0.0,1650.0,60.2,39.8,1.5,0.0,3.0,1.0,40.0,4,103.2,0,1
16,2,0,2,1,0,2,2,1,1,2,3,2,1,3,1,65.0,43.0,12,16.0,75.0,1.0,32.0,22.7,1750.0,45.5,31.8,0.0,0.0,3.0,1.0,38.0,4,106.7,0,0
16,2,0,2,1,0,2,2,1,1,2,3,2,1,3,0,65.0,43.0,3,16.0,68.0,0.8,30.0,15.5,1750.0,48.5,35.9,0.0,0.0,3.0,1.0,38.0,4,106.6,0,0
37,2,0,2,1,0,2,2,1,1,2,2,4,3,3,1,50.0,50.0,14,14.0,80.0,0.8,40.0,10.5,1700.0,52.6,36.8,0.0,0.0,2.5,1.0,38.0,4,105.0,0,1
36,2,0,2,1,0,2,2,1,1,2,2,4,3,3,1,50.0,50.0,10,15.0,70.0,1.0,30.0,10.0,1600.0,50.0,40.0,0.0,0.0,2.8,1.0,38.0,4,106.7,0,1
31,2,0,2,1,0,2,2,1,1,2,2,4,3,3,1,40.0,45.0,10,14.5,70.0,0.6,25.0,0.0,1500.0,59.5,40.5,0.0,0.0,2.0,1.0,40.0,4,100.0,0,1
36,2,0,2,1,0,2,2,1,1,2,2,4,3,3,1,50.0,43.0,8,16.0,75.0,1.0,20.0,15.8,1600.0,49.5,34.7,0.0,0.0,2.5,1.0,38.0,4,103.2,0,0
51,0,0,2,1,0,0,0,1,1,1,1,1,1,3,1,45.0,45.0,6,15.0,87.0,1.0,30.9,0.0,1400.0,62.5,37.5,0.0,0.0,2.5,1.0,40.0,4,103.2,0,1
39,1,0,2,1,0,0,0,1,1,1,1,1,1,1,1,30.0,45.0,3,14.0,65.0,0.7,30.9,0.0,1600.0,62.5,37.5,0.0,0.0,2.5,0.8,33.0,4,100.0,0,0
39,1,0,2,1,0,0,0,1,1,1,1,1,1,1,1,30.0,45.0,3,15.5,65.0,0.7,30.9,5.9,1600.0,58.8,35.3,0.0,0.0,2.5,1.8,33.0,4,100.0,0,0
64,2,0,2,1,0,2,2,1,1,2,1,1,1,1,0,60.0,38.0,8,16.4,64.0,0.8,30.9,11.0,1400.0,54.9,34.1,0.0,0.0,2.5,1.0,32.0,4,103.2,0,0
64,2,0,2,1,0,2,2,1,1,2,1,1,1,1,1,60.0,38.0,12,16.5,66.0,0.8,30.9,6.7,1400.0,56.2,37.1,0.0,0.0,1.1,1.4,32.0,4,103.2,0,0
19,1,0,2,1,0,0,0,1,2,1,2,5,3,1,1,50.0,45.0,6,16.0,70.0,0.8,30.0,0.0,2400.0,58.8,41.2,0.0,0.0,1.7,1.0,30.0,4,107.4,0,0
19,1,0,2,1,0,0,0,1,2,2,2,5,3,1,1,40.0,45.0,3,15.0,76.0,0.8,30.0,0.0,2400.0,62.5,37.5,0.0,0.0,1.0,1.0,30.0,4,107.4,0,0
67,1,0,2,1,0,0,0,1,1,2,2,5,3,1,1,30.0,43.0,3,16.3,70.0,0.8,25.0,1.2,2200.0,58.1,40.7,4.0,0.0,2.0,1.0,30.0,4,96.9,0,0
61,1,0,2,1,0,0,0,1,1,2,2,6,2,1,1,40.0,41.0,3,15.8,72.0,1.0,30.0,0.0,2000.0,62.5,37.5,0.0,0.0,2.5,1.0,30.0,4,107.4,0,1
46,1,0,2,1,0,0,0,1,1,2,2,6,3,4,1,40.0,42.0,3,14.5,74.0,1.0,25.0,8.0,2100.0,57.5,34.5,0.0,0.0,2.3,0.7,35.0,4,107.4,0,1
46,1,0,2,1,0,0,0,1,1,2,2,6,3,4,1,45.0,42.0,3,14.0,70.0,1.0,20.0,8.0,1850.0,57.5,34.5,0.0,0.0,2.0,0.7,35.0,4,107.4,0,1
46,1,0,2,1,0,2,0,1,1,2,2,6,3,4,1,50.0,45.0,10,15.0,76.0,1.0,30.0,8.0,2150.0,57.5,34.5,0.0,0.0,2.5,1.0,35.0,4,107.4,0,0
46,1,0,2,1,0,2,0,1,1,2,2,6,3,4,1,50.0,45.0,10,15.2,72.0,1.0,25.0,5.9,2150.0,58.8,35.3,0.0,0.0,2.5,1.0,35.0,4,107.4,0,0
68,1,0,2,1,0,0,0,1,1,1,2,7,3,1,1,35.0,42.0,20,15.0,75.0,0.8,30.0,0.0,2100.0,58.8,41.2,0.0,0.0,2.0,0.8,30.0,4,107.4,0,1
4,1,0,2,1,0,0,0,1,1,1,2,7,3,1,0,30.0,45.0,6,17.0,70.0,0.8,35.0,0.0,2200.0,58.8,41.2,0.0,0.0,2.5,1.0,33.0,4,106.4,0,1
46,1,0,2,1,0,2,0,1,1,2,3,2,3,3,1,37.5,44.0,3,16.0,90.0,0.8,28.0,20.0,2050.0,45.0,35.0,0.0,0.0,2.4,0.8,35.0,4,107.4,0,0
46,1,0,2,1,0,2,0,1,1,2,3,2,3,3,1,37.5,44.0,3,16.5,91.0,0.8,30.0,21.7,2050.0,43.5,34.8,0.0,0.0,2.7,0.8,35.0,4,107.4,0,0
63,2,0,2,1,0,2,2,1,1,2,2,4,3,0,1,45.0,44.0,8,14.1,78.0,0.6,22.0,7.6,1510.0,54.3,38.0,0.0,0.0,2.5,0.7,34.0,4,114.3,0,0
63,2,0,2,1,0,2,2,1,1,2,2,4,3,0,0,40.0,44.0,3,14.0,69.0,0.6,20.0,8.5,1510.0,53.2,38.3,2.0,0.0,2.5,0.9,34.0,4,110.0,0,0
69,1,0,2,1,0,0,0,1,1,1,2,7,3,0,1,40.0,47.0,12,17.0,78.0,0.8,35.0,0.0,2400.0,58.8,41.2,4.0,0.0,2.5,1.0,30.0,4,100.0,0,1
2,1,0,2,1,0,0,0,1,1,2,1,1,1,0,1,30.0,42.0,3,15.4,64.0,0.9,30.9,0.0,1425.0,63.0,37.0,0.0,0.0,1.0,1.3,34.0,4,107.4,0,0
61,1,0,2,1,0,0,0,1,1,2,3,2,2,1,0,45.0,38.0,20,15.0,80.0,0.6,30.0,7.0,1600.0,58.1,34.9,0.0,0.0,2.5,1.5,30.0,4,103.2,0,1
7,2,0,2,1,0,2,2,1,1,2,3,3,3,0,1,40.0,43.0,8,16.0,96.0,1.0,28.0,0.0,1500.0,58.8,41.2,2.0,0.0,3.0,0.8,40.0,4,103.1,0,0
7,2,0,2,1,0,2,2,1,1,2,3,3,3,3,1,32.5,43.0,3,15.0,82.0,1.0,31.0,7.6,1500.0,54.3,38.0,4.0,0.0,2.5,1.0,40.0,4,103.1,0,0
58,1,0,2,1,0,2,0,1,1,2,3,2,1,3,1,37.5,44.0,10,15.0,85.0,0.8,34.0,0.0,1400.0,62.5,37.5,0.0,0.0,2.8,1.0,28.0,4,103.1,0,0
58,1,0,2,1,0,2,0,1,1,2,3,2,1,3,0,35.0,44.0,10,16.0,80.0,1.0,32.0,7.0,1400.0,58.1,34.9,0.0,0.0,3.0,1.0,28.0,4,103.1,0,0
2,1,0,2,1,0,0,0,1,1,2,1,1,1,3,1,30.0,42.0,3,15.4,64.0,0.9,30.9,0.0,1425.0,61.7,38.3,0.0,0.0,1.0,1.3,34.0,4,107.4,0,0
57,1,0,2,1,0,0,0,1,1,2,2,5,3,1,0,50.0,43.0,3,16.0,82.0,0.9,30.0,0.0,2270.0,55.6,44.4,12.0,0.0,2.0,1.0,30.0,4,103.2,0,0
57,1,0,2,1,0,0,0,1,1,2,2,5,3,1,0,50.0,43.0,10,16.3,80.0,0.8,30.0,0.0,2270.0,55.6,44.4,12.0,0.0,1.5,1.5,30.0,4,103.2,0,0
43,1,0,2,1,0,2,0,1,1,2,2,6,3,3,1,60.0,43.0,8,15.8,57.0,0.8,24.0,1.2,1480.0,58.1,40.7,0.0,0.0,1.4,1.7,33.0,4,103.1,0,0
43,1,0,2,1,0,2,0,1,1,2,2,6,3,3,1,52.5,43.0,6,16.6,58.0,0.8,20.0,7.9,1480.0,56.2,36.0,0.0,0.0,1.7,0.7,33.0,4,103.1,0,0
57,1,0,2,1,0,0,0,1,1,2,2,5,3,0,0,50.0,43.0,10,17.0,87.0,0.8,35.0,0.0,2300.0,58.8,41.2,0.0,0.0,1.3,0.7,30.0,4,103.2,0,0
15,1,0,2,1,0,0,0,1,1,2,2,4,3,1,1,25.0,38.0,3,13.0,75.0,0.6,25.0,0.0,1600.0,57.5,42.5,0.0,0.0,2.5,0.8,30.0,4,103.1,0,0
15,1,0,2,1,0,0,0,1,1,2,2,4,3,1,1,25.0,38.0,6,14.0,70.0,0.6,25.0,0.0,1600.0,58.8,41.2,5.0,0.0,1.7,0.9,30.0,4,103.1,0,0
46,1,0,2,1,0,2,2,1,1,2,3,3,3,4,1,40.0,46.0,12,15.9,78.0,0.5,34.0,2.4,2000.0,61.0,36.6,0.0,0.0,2.4,1.3,35.0,4,103.2,0,0
6,2,0,2,1,0,2,2,1,1,2,2,6,3,3,1,45.0,41.0,12,17.0,78.0,0.8,16.0,14.1,1100.0,50.5,35.4,0.0,0.0,2.5,1.0,50.0,4,97.0,0,1
6,2,0,2,1,0,2,2,1,1,2,2,6,3,3,1,47.5,41.0,6,16.5,72.0,0.8,20.0,14.1,1300.0,50.5,35.4,4.0,0.0,2.5,1.0,50.0,4,97.0,0,1
62,1,0,1,1,0,0,0,1,1,1,2,5,3,1,0,40.0,46.0,3,15.0,68.0,0.8,28.0,0.0,1700.0,58.8,41.2,0.0,0.0,1.0,1.0,33.0,4,103.2,0,0
62,1,0,1,1,0,0,0,1,1,1,2,5,3,1,1,40.0,46.0,8,16.5,68.0,0.9,25.0,0.0,1700.0,58.8,41.2,0.0,0.0,1.0,1.0,33.0,4,103.1,0,0
61,1,0,2,1,0,0,0,1,1,2,3,2,2,1,1,40.0,35.0,6,18.0,85.0,0.6,30.0,0.0,2000.0,62.5,37.5,0.0,0.0,2.5,0.9,30.0,4,103.1,0,0
57,1,0,2,1,0,0,0,1,1,2,2,5,3,1,0,50.0,43.0,3,17.0,84.0,0.7,35.0,0.0,2300.0,55.6,44.4,0.0,0.0,2.0,0.8,30.0,4,103.2,0,0
58,1,0,2,1,0,2,0,1,1,2,0,0,1,3,1,35.0,38.0,15,12.0,62.0,0.8,46.0,4.7,1400.0,58.8,36.5,0.0,0.0,2.0,1.0,28.0,4,103.1,0,0
58,1,0,2,1,0,2,0,1,1,2,0,0,1,3,1,35.0,38.0,16,16.0,70.0,0.8,50.0,0.0,1400.0,62.5,37.5,0.0,0.0,2.8,1.5,28.0,4,103.1,0,0
63,2,0,2,1,0,2,2,1,1,2,2,4,3,3,1,50.0,46.0,3,14.6,60.0,0.6,25.0,10.5,1750.0,52.6,36.8,2.0,0.0,2.4,0.8,28.0,4,97.0,0,1
46,2,0,2,1,0,2,2,1,1,2,2,6,3,5,0,40.0,47.0,12,24.5,78.0,0.9,30.0,8.8,2100.0,54.9,36.3,16.0,0.0,2.3,1.0,40.0,4,100.0,0,1
46,2,0,2,1,0,2,2,1,1,1,2,6,3,5,2,40.0,47.0,13,14.4,76.0,0.8,16.0,7.2,2000.0,51.5,41.2,1.0,0.0,2.7,1.4,40.0,4,100.0,0,1
46,2,0,2,1,0,2,2,1,1,2,2,6,3,5,0,40.0,39.0,6,15.0,77.0,0.8,20.0,9.4,2000.0,52.1,38.5,0.0,0.0,2.5,1.0,40.0,4,103.2,0,0
46,2,0,2,1,0,2,2,1,1,2,2,6,3,5,0,40.0,39.0,3,15.0,79.0,0.8,20.0,11.8,2000.0,49.0,39.2,0.0,0.0,2.5,1.0,40.0,4,103.2,0,0
46,0,0,2,1,0,2,2,1,1,2,2,6,3,5,1,45.0,43.0,8,14.2,68.0,0.8,18.0,0.0,2000.0,62.5,37.5,0.0,0.0,2.5,1.2,40.0,4,106.4,0,1
46,0,0,2,1,0,2,2,1,1,2,2,6,3,5,0,45.0,48.0,6,14.0,80.0,0.8,30.0,0.0,2000.0,62.5,37.5,0.0,0.0,2.4,1.0,40.0,4,109.7,0,1
46,0,0,2,1,0,2,2,1,1,1,2,6,3,5,1,45.0,40.0,8,16.4,72.0,1.0,26.0,0.0,2000.0,62.5,37.5,0.0,0.0,2.5,1.0,40.0,4,106.4,0,1
46,2,0,2,1,0,2,2,1,1,2,2,5,3,5,1,40.0,40.0,13,18.5,85.0,0.6,30.0,0.0,1900.0,62.5,37.5,4.0,0.0,1.8,1.4,40.0,4,106.4,0,1
46,1,0,2,1,0,2,0,1,1,2,2,4,3,0,1,42.5,41.0,10,14.0,70.0,0.6,20.0,2.3,1750.0,57.5,40.0,4.0,0.0,2.5,0.7,35.0,4,97.0,0,0
25,1,0,2,1,0,0,0,1,1,2,2,7,3,1,0,35.0,39.0,3,16.2,84.0,1.0,30.0,0.0,2100.0,62.5,37.5,4.0,0.0,2.0,0.9,30.0,4,94.1,0,0
51,1,0,2,1,0,0,2,1,1,2,1,1,1,3,0,35.0,45.0,10,14.1,65.0,1.0,30.9,0.0,1500.0,59.5,40.5,0.0,0.0,2.6,1.0,40.0,4,109.7,0,0
51,1,0,2,1,0,2,2,1,3,2,0,0,1,3,0,50.0,43.0,12,14.0,68.0,0.8,56.0,7.4,1800.0,53.2,39.4,0.0,0.5,3.0,1.3,40.0,4,109.7,0,0
51,1,0,2,1,0,2,2,1,1,2,3,3,1,3,0,67.5,45.0,3,15.5,80.0,0.5,34.0,16.3,1683.0,43.5,40.2,6.0,0.0,2.5,1.0,40.0,4,109.7,0,0
4,1,0,2,1,0,0,0,1,1,2,2,4,3,1,0,55.0,37.0,8,16.0,75.0,0.6,20.0,5.6,1850.0,55.6,38.9,0.0,0.0,0.8,0.8,33.0,4,109.7,0,0
46,1,0,2,1,0,2,0,1,1,2,2,4,3,0,1,42.5,41.0,3,14.0,80.0,0.6,20.0,7.4,1750.0,53.2,39.4,0.0,0.0,2.1,0.9,35.0,4,97.0,0,0
51,2,0,2,1,0,2,2,1,1,2,1,1,1,3,0,52.5,45.0,3,15.3,72.0,0.8,30.9,12.4,1600.0,51.5,36.1,0.0,0.0,2.5,1.0,40.0,4,109.7,0,0
51,1,0,2,1,0,0,2,1,1,2,1,1,1,3,0,35.0,45.0,3,15.2,63.0,1.0,30.9,0.0,1500.0,59.5,40.5,0.0,0.0,2.3,0.9,40.0,4,109.7,0,0
51,2,0,2,1,0,2,2,1,1,2,1,1,1,3,0,52.5,45.0,6,16.0,68.0,0.8,30.9,0.0,1600.0,58.8,41.2,4.0,0.0,2.3,0.8,40.0,4,109.7,0,0
46,1,0,2,1,0,2,0,1,1,2,3,3,3,0,0,49.0,43.0,13,14.5,74.0,0.8,23.0,9.1,1900.0,56.8,34.1,2.0,0.0,0.7,0.2,35.0,4,103.2,0,1
51,2,0,2,1,0,2,2,1,1,2,1,1,1,3,0,52.5,37.0,6,14.0,73.0,0.8,30.9,9.6,1600.0,53.2,37.2,0.0,0.0,2.3,1.0,40.0,4,109.7,0,0
51,2,0,2,1,0,2,2,1,1,2,1,1,1,3,0,52.5,43.0,8,15.1,76.0,0.5,31.0,6.6,1650.0,54.9,38.5,0.0,0.0,2.5,1.5,40.0,4,109.7,0,0
46,1,0,2,1,0,2,0,1,1,2,2,7,3,4,0,40.0,44.0,3,16.1,78.0,0.9,30.0,5.6,1800.0,55.6,38.9,0.0,0.0,2.0,1.0,35.0,4,103.2,0,0
51,2,0,2,1,0,2,2,1,1,2,1,1,1,3,2,52.5,37.0,3,15.0,66.0,0.8,30.9,13.3,1600.0,55.6,42.2,0.0,0.0,2.4,0.8,40.0,4,100.0,0,0
46,1,0,2,1,0,2,0,1,1,2,2,6,3,0,0,40.0,43.0,13,16.5,72.0,0.6,20.0,9.1,2000.0,56.8,34.1,4.0,0.0,2.5,0.5,35.0,4,103.2,0,0
46,1,0,2,1,0,2,0,1,1,2,2,6,3,0,0,40.0,43.0,13,16.1,70.0,0.6,20.0,11.1,2000.0,55.6,33.3,4.0,0.0,1.8,0.9,35.0,4,103.2,0,0
57,1,0,2,1,0,0,0,1,1,2,2,5,3,1,0,40.0,43.0,8,16.0,80.0,0.6,30.0,5.6,1900.0,55.6,38.9,0.0,0.0,2.2,1.3,30.0,4,103.2,0,0
63,2,0,2,1,0,2,2,1,1,2,2,4,3,3,1,45.0,45.0,20,14.7,75.0,0.6,30.0,15.0,1734.0,50.0,35.0,2.0,0.0,1.5,0.6,34.0,4,103.2,0,1
42,1,0,2,1,0,2,0,1,1,2,3,3,3,0,2,60.0,49.0,12,14.9,77.0,0.8,27.0,0.0,1650.0,58.8,41.2,0.0,0.0,2.5,0.7,33.0,4,103.3,0,0
63,2,0,2,1,0,2,2,1,1,1,2,4,3,0,0,55.0,49.0,8,12.5,70.0,0.6,30.0,5.6,1750.0,55.6,38.9,0.0,0.0,2.5,0.9,34.0,4,106.7,0,1
63,2,0,2,1,0,2,2,1,1,2,2,4,3,0,1,45.0,45.0,20,15.1,75.0,0.6,20.0,15.0,1750.0,50.0,35.0,0.0,0.0,1.6,0.9,34.0,4,103.2,0,0
42,1,0,2,1,0,2,0,1,1,2,3,3,3,0,0,55.0,49.0,3,15.6,74.0,0.8,24.0,0.0,1650.0,58.8,41.2,0.0,0.0,2.5,1.7,33.0,4,103.3,0,0
46,1,0,2,1,0,0,0,1,1,2,2,7,3,0,1,40.0,49.0,6,15.3,74.0,1.0,34.0,0.0,2000.0,62.5,37.5,0.0,0.0,2.2,1.0,35.0,4,100.0,0,0
46,1,0,2,1,0,0,0,1,1,2,2,7,3,0,1,40.0,49.0,6,16.8,78.0,0.9,30.0,0.0,2000.0,62.5,37.5,0.0,0.0,2.4,0.9,35.0,4,100.0,0,0
63,2,0,2,1,0,2,2,1,1,2,2,4,3,3,1,42.5,46.0,10,14.0,77.0,0.6,42.0,15.8,1850.0,49.5,34.6,8.0,0.0,1.5,0.8,34.0,4,100.0,0,1
68,1,0,1,1,0,0,0,1,1,2,2,7,3,1,1,35.0,44.0,3,15.5,100.0,0.9,30.0,0.0,2200.0,53.2,46.8,0.0,0.0,0.0,0.0,30.0,4,100.0,0,1
6,2,0,2,1,0,2,2,1,1,1,2,6,3,3,0,42.0,44.0,10,15.0,80.0,1.2,20.0,16.7,1300.0,49.0,34.3,0.0,0.0,2.5,0.2,40.0,4,110.0,0,0
6,2,0,2,1,0,2,2,1,1,1,2,6,3,3,0,45.0,44.0,10,15.5,75.0,1.2,20.0,14.1,1300.0,50.5,35.4,0.0,0.0,2.5,1.5,40.0,4,110.0,0,0
57,1,0,2,1,0,0,0,1,1,2,2,5,3,1,0,50.0,43.0,10,16.0,70.0,0.8,30.0,3.4,2400.0,56.8,39.8,0.0,0.0,2.5,0.8,30.0,4,103.1,0,0
57,1,0,2,1,0,0,0,1,1,2,2,5,3,1,0,47.0,43.0,8,16.0,80.0,0.6,30.0,9.1,2400.0,50.5,40.4,0.0,0.0,2.5,1.1,30.0,4,103.1,0,0
20,1,0,2,1,0,0,0,1,1,2,2,5,3,1,1,35.0,48.0,6,16.0,76.0,0.8,30.0,8.9,1900.0,49.5,41.6,0.0,0.0,2.5,1.2,30.0,4,103.2,0,0
20,1,0,2,1,0,0,0,1,1,2,2,5,3,1,1,35.0,48.0,6,16.0,86.0,0.6,30.0,16.1,1900.0,44.6,39.3,0.0,0.0,2.5,1.5,30.0,4,103.2,0,0
61,1,0,2,1,0,2,0,1,1,2,2,6,2,1,1,35.0,43.0,6,14.0,75.0,1.2,20.0,7.6,1823.4,54.3,38.0,0.0,0.0,2.5,2.0,33.0,4,106.7,0,0
61,1,0,2,1,0,2,0,1,1,2,2,6,2,1,1,37.5,43.0,6,14.0,80.0,1.2,20.0,6.2,1823.4,52.1,41.7,0.0,0.0,3.0,1.5,33.0,4,106.7,0,0
9,1,0,2,1,0,2,0,1,1,2,1,1,1,3,0,40.0,44.0,3,15.0,68.0,0.8,30.9,0.0,1750.0,58.8,41.2,0.0,0.0,2.7,0.7,35.0,4,103.1,0,0
9,1,0,2,1,0,2,0,1,1,2,1,1,1,3,0,40.0,44.0,6,15.5,68.0,0.8,30.9,5.6,1750.0,55.6,38.9,0.0,0.0,1.5,0.5,35.0,4,103.1,0,0
61,1,0,2,1,0,0,0,1,1,2,2,6,2,1,0,47.5,68.0,15,14.0,78.0,0.8,22.0,0.0,1900.0,62.5,37.5,0.0,0.0,2.1,1.7,33.0,4,103.1,0,1
25,1,0,2,1,0,0,0,1,1,1,3,3,3,1,0,40.0,60.0,6,15.0,78.0,1.0,28.0,0.0,2380.0,60.0,40.0,3.0,0.0,2.5,1.0,30.0,4,106.7,0,1
51,2,0,2,1,0,0,0,1,1,1,1,1,1,3,0,55.0,55.0,10,16.3,100.0,1.0,30.9,0.0,1650.0,58.8,41.2,0.0,0.0,2.4,1.0,40.0,4,106.7,0,1
61,1,0,2,1,0,0,0,1,1,2,3,2,2,1,0,40.0,55.0,16,15.5,92.0,0.8,22.0,9.6,1550.0,53.2,37.2,1.0,0.0,2.9,1.3,33.0,4,106.7,0,1
61,1,0,2,1,0,0,0,1,1,2,3,2,2,1,0,40.0,52.0,20,16.0,86.0,0.8,26.0,9.6,1975.0,53.2,37.2,1.0,0.0,2.9,1.3,33.0,4,100.0,0,1
31,2,0,2,1,0,2,1,1,1,2,2,4,3,0,0,42.5,52.0,15,13.9,76.0,0.6,25.0,0.0,1800.0,50.0,50.0,0.0,0.0,2.5,0.9,40.0,4,106.7,0,1
63,2,0,2,1,0,2,2,1,1,2,2,4,3,1,0,50.0,56.0,8,15.2,76.0,0.6,25.0,3.4,1760.0,56.8,39.8,2.0,0.0,2.5,0.8,34.0,4,103.1,0,1
63,2,0,2,1,0,2,2,1,1,2,2,4,3,3,0,45.0,57.0,8,14.0,76.0,0.8,20.0,3.4,1800.0,56.2,40.4,2.0,0.0,2.0,0.8,34.0,4,103.1,0,1
62,1,0,1,1,0,0,0,1,1,1,2,5,3,1,0,47.0,67.0,15,16.0,74.0,0.8,38.0,0.0,1900.0,58.8,41.2,2.0,0.0,2.5,1.1,33.0,4,103.1,0,0
62,1,0,1,1,0,0,0,1,1,2,2,5,3,1,0,47.0,67.0,12,16.0,82.0,0.6,30.0,1.5,1900.0,50.5,34.3,0.0,0.0,2.5,1.1,33.0,4,103.1,0,0
51,2,0,2,1,0,2,2,1,1,2,1,1,1,3,0,50.0,52.0,10,17.0,69.0,0.8,30.9,0.0,1700.0,58.8,41.2,0.0,0.0,2.2,0.9,40.0,4,106.7,0,0
51,2,0,2,1,0,2,2,1,1,1,0,0,1,3,0,50.0,55.0,6,13.3,74.0,0.6,30.9,4.8,1635.0,59.5,35.7,1.0,0.0,3.0,2.0,40.0,4,100.0,0,0
51,2,0,2,1,0,2,2,1,1,1,0,0,1,3,0,50.0,55.0,6,13.9,70.0,0.6,47.0,10.2,1635.0,51.0,38.8,0.0,0.0,3.0,1.0,40.0,4,100.0,0,0
51,2,0,2,1,0,2,2,1,1,2,1,1,1,3,0,50.0,52.0,8,15.6,71.0,0.8,30.9,20.6,1700.0,46.7,32.7,0.0,0.0,2.5,0.6,40.0,4,106.7,0,0
4,1,0,2,1,0,0,0,1,1,2,3,2,3,1,1,30.0,63.0,10,13.0,94.0,1.0,29.0,0.0,1800.0,56.2,43.8,0.0,0.0,2.5,1.0,30.0,4,110.0,0,1
67,1,0,2,1,0,0,0,1,1,2,3,2,3,1,1,50.0,60.0,8,13.6,86.0,1.1,28.0,0.0,1500.0,64.1,35.9,0.0,0.0,2.5,1.0,33.0,4,106.4,0,1
63,2,0,2,1,0,2,2,1,1,1,2,4,3,3,1,55.0,53.0,10,14.2,72.0,0.6,25.0,22.7,1750.0,45.5,31.8,1.0,0.0,2.4,0.9,34.0,4,103.1,0,1
67,1,0,2,1,0,0,0,1,1,1,3,2,3,1,0,35.0,56.0,10,15.3,80.0,0.8,20.0,0.0,1900.0,76.9,23.1,0.0,0.0,2.5,1.2,33.0,4,106.7,0,1
33,2,0,2,1,0,2,2,1,1,1,2,4,3,3,1,55.0,56.0,6,15.0,84.0,0.6,25.0,16.7,1850.0,52.1,31.3,4.0,0.0,2.0,0.6,34.0,4,103.1,0,1
63,2,0,2,1,0,2,2,1,1,1,2,4,3,3,0,55.0,49.0,3,15.0,78.0,0.6,20.0,17.1,1900.0,47.6,35.2,0.0,0.0,2.5,0.8,34.0,4,106.4,0,1
51,2,0,2,1,0,2,2,1,1,2,0,0,1,3,0,50.0,50.0,3,15.7,90.0,0.8,50.0,0.0,1420.0,62.5,37.5,0.0,0.0,3.0,1.4,40.0,4,106.4,0,0
51,2,0,2,1,0,2,2,1,1,2,0,0,1,3,0,50.0,50.0,3,15.5,74.0,0.8,58.0,4.8,1420.0,59.5,35.7,3.0,0.0,3.0,1.0,40.0,4,106.4,0,0
62,1,0,1,1,0,0,0,1,1,2,2,5,3,1,1,35.0,56.0,6,16.0,82.0,0.6,28.0,5.6,2100.0,56.2,38.2,0.0,0.0,1.7,0.4,30.0,4,103.1,0,0
62,1,0,1,1,0,0,0,1,1,2,2,5,3,1,1,35.0,56.0,3,15.0,80.0,0.8,40.0,8.6,2100.0,53.8,37.6,8.0,0.0,1.7,1.0,30.0,4,100.0,0,0
4,1,0,2,1,0,0,0,1,1,2,2,5,3,1,1,40.0,50.0,3,16.0,68.0,0.8,30.0,0.0,2400.0,58.8,41.2,8.0,0.0,2.5,1.5,33.0,4,103.1,0,0
4,1,0,2,1,0,0,0,1,1,2,2,5,3,1,1,40.0,50.0,6,16.0,70.0,0.6,30.0,0.0,2400.0,58.8,41.2,8.0,0.0,1.5,0.5,33.0,4,103.1,0,0
46,1,0,2,1,0,2,0,1,1,2,2,6,3,0,0,45.0,59.0,6,14.2,80.0,1.0,20.0,5.6,1823.4,55.6,38.9,0.0,0.0,2.0,2.5,33.0,4,106.4,0,0
46,1,0,2,1,0,2,0,1,1,2,2,6,3,0,1,37.5,59.0,6,16.0,75.0,0.8,20.0,4.3,1823.4,54.3,41.3,0.0,0.0,2.5,1.5,33.0,4,106.4,0,0
9,1,0,2,1,0,2,0,1,1,2,3,3,1,3,1,40.0,54.0,3,15.8,76.0,0.5,38.0,5.6,1736.0,55.6,38.9,0.0,0.0,2.5,1.5,35.0,4,103.1,0,0
9,1,0,2,1,0,2,1,1,1,2,3,3,1,3,1,40.0,54.0,3,15.4,78.0,0.5,34.0,5.7,1736.0,56.8,36.9,0.0,0.0,2.5,1.1,35.0,4,103.1,0,0
33,2,0,2,1,0,2,2,1,1,1,2,4,3,3,1,55.0,45.0,8,15.5,79.0,0.6,20.0,16.7,1850.0,54.3,34.3,4.0,0.0,2.5,1.0,34.0,4,100.0,0,0
63,2,0,2,1,0,2,2,1,1,1,2,4,3,3,0,52.0,64.0,15,15.5,82.0,0.6,30.0,0.0,1800.0,71.4,28.6,4.0,0.0,2.5,0.9,34.0,4,103.1,0,1
25,1,0,2,1,0,0,0,1,1,1,3,3,3,1,0,40.0,56.0,6,16.5,79.0,0.5,28.0,0.0,2300.0,60.2,39.8,0.0,0.0,2.5,1.5,30.0,4,106.4,0,1
25,1,0,2,1,0,0,0,1,1,2,2,5,3,1,0,45.0,54.0,12,15.5,76.0,0.8,30.0,5.6,2250.0,55.6,38.9,2.0,0.0,2.5,1.3,30.0,4,106.4,0,0
46,1,0,2,1,0,2,0,1,1,2,2,7,3,4,0,47.5,68.0,15,16.0,80.0,0.8,30.0,0.0,2250.0,58.8,41.2,0.0,0.0,1.5,1.0,35.0,4,106.4,0,0
46,1,0,2,1,0,2,0,1,1,2,2,7,3,4,0,47.5,68.0,13,16.0,80.0,0.8,30.0,0.0,2250.0,52.1,47.9,0.0,0.0,1.5,0.8,35.0,4,106.4,0,0
25,1,0,2,1,0,0,0,1,1,2,2,5,3,1,0,45.0,54.0,14,15.5,74.0,0.6,40.0,10.5,2250.0,52.6,36.8,2.0,0.0,2.5,1.8,30.0,4,106.4,0,0
46,1,0,2,1,0,2,0,1,1,1,2,6,3,1,1,37.5,70.0,12,14.9,64.0,0.8,28.0,3.4,1500.0,57.5,39.1,0.0,0.0,2.5,1.0,40.0,4,106.9,0,0
46,1,0,2,1,0,2,0,1,1,2,2,6,3,1,1,37.5,70.0,15,15.0,65.0,0.8,25.0,5.4,1500.0,54.3,40.2,0.0,0.0,2.3,0.9,40.0,4,106.7,0,0
67,1,0,2,1,0,0,0,1,1,2,2,5,3,1,1,47.5,60.0,15,14.5,74.0,0.8,20.0,8.6,1600.0,53.8,37.6,0.0,0.0,2.0,1.5,35.0,4,110.0,0,0
57,1,0,2,0,0,0,0,1,1,2,2,7,3,1,0,40.0,62.0,10,16.0,84.0,0.9,28.0,0.0,2200.0,58.8,41.2,4.0,0.0,2.5,0.6,30.0,4,106.4,0,0
57,1,0,2,1,0,0,0,1,1,2,2,7,3,1,0,40.0,62.0,8,16.0,84.0,0.9,32.0,0.0,2200.0,58.8,41.2,4.0,0.0,1.4,1.0,30.0,4,106.4,0,0
25,1,0,2,1,0,0,0,1,1,2,3,3,3,1,0,40.0,64.0,3,15.5,85.0,1.0,26.0,0.0,2400.0,58.8,41.2,0.0,0.0,2.5,1.0,30.0,4,103.1,0,0
25,1,0,2,1,0,0,0,1,1,2,3,3,3,1,0,40.0,64.0,6,15.0,82.0,0.8,31.0,0.0,2400.0,60.0,40.0,3.0,0.0,2.5,1.0,30.0,4,106.7,0,0
51,2,0,2,1,0,2,2,1,1,1,0,0,1,3,0,50.0,69.0,14,17.0,82.0,0.8,50.0,0.0,1700.0,62.5,37.5,0.0,0.0,3.0,1.0,40.0,4,106.4,0,1
67,1,0,2,1,0,0,0,1,1,1,2,5,3,1,1,50.0,60.0,15,16.0,76.0,0.6,28.0,5.6,1600.0,55.6,38.9,0.0,0.0,1.0,0.5,35.0,4,110.0,0,0
38,1,0,2,1,0,0,0,1,1,2,3,2,3,0,0,50.0,62.0,15,15.4,98.0,0.8,25.0,10.6,1750.0,48.1,41.3,0.0,0.0,2.8,1.3,33.0,4,110.0,0,0
38,1,0,2,1,0,0,0,1,1,2,3,2,3,0,1,50.0,62.0,15,14.9,96.0,0.8,26.0,11.0,1950.0,50.0,39.0,0.0,0.0,2.8,0.8,33.0,4,110.0,0,0
51,2,0,2,1,0,2,2,1,1,2,1,1,1,3,0,50.0,68.0,14,13.4,70.0,0.7,30.9,20.4,1700.0,46.3,33.3,0.0,0.0,2.5,1.0,40.0,4,106.4,0,1
46,1,0,2,1,0,2,0,1,1,2,3,2,3,4,1,35.0,68.0,15,15.1,90.0,0.9,30.0,6.0,1500.0,59.5,34.5,1.0,0.0,2.5,1.0,35.0,4,106.9,0,1
67,1,0,2,1,0,0,0,1,1,2,3,3,3,0,0,45.0,56.0,10,16.0,84.0,0.2,30.0,5.3,2244.0,52.6,42.1,5.0,0.0,3.0,0.8,30.0,4,110.0,0,0
67,1,0,2,1,0,0,0,1,1,2,3,3,3,0,2,32.5,56.0,14,15.0,79.0,0.3,28.0,5.3,2244.0,52.6,42.1,0.0,0.0,1.8,0.5,30.0,4,106.4,0,0
4,1,0,2,1,0,0,0,1,1,2,2,7,3,1,0,40.0,56.0,10,17.0,82.0,0.8,30.0,0.0,2550.0,52.6,47.4,0.0,0.0,2.0,1.0,33.0,4,103.2,0,0
67,1,0,2,1,0,0,0,1,1,2,2,7,3,1,0,30.0,56.0,9,17.0,72.0,0.8,30.0,0.0,2550.0,52.6,47.4,0.0,0.0,2.0,1.0,33.0,4,103.2,0,0
67,1,0,2,1,0,0,0,1,1,2,3,2,3,1,0,30.0,69.0,10,16.0,98.0,0.8,35.0,0.0,2050.0,62.5,37.5,0.0,0.0,2.8,1.0,33.0,4,100.0,0,0
57,1,0,2,1,0,0,0,1,1,2,2,6,3,1,0,45.0,69.0,8,15.6,72.0,0.8,21.0,5.6,2426.0,55.6,38.9,0.0,0.0,2.8,1.1,30.0,4,103.2,0,0
57,1,0,2,1,0,0,0,1,1,2,2,6,3,1,0,45.0,69.0,8,16.1,76.0,0.8,22.0,5.6,2426.0,55.6,38.9,0.0,0.0,2.7,0.7,30.0,4,103.2,0,0
67,1,0,2,1,0,0,0,1,1,1,3,2,3,1,0,32.5,69.0,3,15.5,94.0,0.8,30.0,0.5,2050.0,52.6,42.1,0.0,0.0,2.5,1.0,33.0,4,100.0,0,0
67,1,0,2,1,0,0,0,1,1,1,2,5,3,1,0,45.0,66.0,3,15.0,82.0,0.8,30.0,7.0,1900.0,58.1,34.9,5.0,0.0,2.5,0.9,30.0,4,103.1,0,1
49,2,0,2,1,0,2,2,1,1,1,3,3,1,3,0,45.0,65.0,10,16.3,78.0,0.8,32.0,3.4,1700.0,56.8,39.8,4.0,0.0,2.5,1.0,34.0,4,106.4,0,1
60,2,0,2,1,0,2,2,1,1,2,3,3,2,3,0,40.0,68.0,10,14.0,88.0,0.8,32.0,0.0,1742.0,60.0,40.0,3.0,0.0,2.5,1.0,40.0,4,103.1,0,1
67,1,0,2,1,0,2,0,1,1,2,2,5,3,1,0,40.0,64.0,3,16.5,82.0,0.6,30.0,2.3,1900.0,57.5,40.2,0.0,0.0,1.3,0.8,30.0,4,106.4,0,1
16,2,0,2,1,0,2,1,1,1,2,3,2,1,3,0,40.0,65.0,8,16.2,79.0,0.6,30.0,0.0,1500.0,62.5,37.5,4.0,0.0,2.5,1.0,38.0,4,106.4,0,1
34,2,0,2,1,0,2,2,1,1,2,1,1,1,3,0,50.0,66.0,6,16.0,87.0,1.0,30.9,11.1,1530.0,55.6,33.3,0.0,0.0,2.5,1.0,34.0,4,100.0,0,1
46,1,0,2,1,0,2,0,1,1,2,3,2,3,3,1,35.0,62.0,15,14.5,94.0,1.0,35.0,0.0,1900.0,63.3,36.7,0.0,0.0,2.5,1.0,35.0,4,106.9,0,1
25,1,0,2,1,0,0,0,1,1,1,2,5,3,1,0,40.0,62.0,20,16.0,80.0,0.8,40.0,0.0,2250.0,62.5,37.5,0.0,0.0,2.5,0.7,30.0,4,110.0,0,1
46,1,0,2,1,0,2,0,1,1,2,2,6,3,3,0,42.5,58.0,15,15.0,76.0,1.0,20.0,5.4,2000.0,54.3,40.2,0.0,0.0,2.5,1.0,35.0,4,103.3,0,1
51,2,0,2,1,0,0,0,1,1,2,1,1,1,3,0,50.0,64.0,6,18.0,64.0,1.0,30.9,0.0,1300.0,62.5,37.5,0.0,0.0,3.0,1.0,40.0,4,106.4,0,1
51,2,0,2,1,0,0,0,1,1,2,1,1,1,0,0,50.0,64.0,3,16.0,86.0,0.8,30.9,0.0,1300.0,58.8,41.1,0.0,0.0,2.5,1.0,40.0,4,106.4,0,1
49,2,0,2,1,0,2,2,1,1,2,3,3,1,1,0,60.0,66.0,3,14.5,85.0,0.2,30.9,0.0,1823.4,62.2,37.8,0.0,0.0,2.5,1.0,34.0,4,106.4,0,1
67,1,0,2,1,0,0,0,1,1,1,2,5,3,1,0,40.0,64.0,6,15.4,88.0,0.6,24.0,4.4,1835.0,55.5,40.0,2.0,0.0,2.0,1.3,30.0,4,106.4,0,0
67,1,0,2,1,0,0,0,1,1,1,2,5,3,1,0,40.0,64.0,3,16.0,76.0,0.8,23.0,4.8,1835.0,59.5,35.7,3.0,0.0,2.0,0.7,30.0,4,106.4,0,0
51,2,0,2,1,0,2,2,1,1,2,3,3,1,3,0,47.5,63.0,10,16.4,84.0,0.5,27.0,20.7,1800.0,41.3,38.0,5.0,0.0,2.6,0.3,40.0,1,96.7,0,1
51,2,0,2,1,0,2,2,1,3,2,3,3,1,3,0,50.0,50.0,10,14.5,84.0,0.2,24.0,20.7,1500.0,41.3,38.0,0.0,0.0,3.0,0.6,40.0,1,103.3,0,1
51,2,0,2,1,0,2,2,1,1,2,1,1,1,3,0,50.0,48.0,6,13.0,80.0,1.0,30.9,18.9,1700.0,47.2,34.0,0.0,0.0,2.7,0.6,40.0,1,100.0,0,1
5,2,0,2,1,0,2,2,1,3,2,3,2,1,3,1,52.0,54.0,18,16.0,82.0,0.9,22.0,15.8,900.0,49.5,34.7,0.0,0.0,2.5,1.0,50.0,4,96.7,0,1
61,1,0,2,1,0,0,0,1,1,1,2,6,2,1,0,40.0,41.0,6,14.0,79.0,0.8,20.0,0.0,1530.0,61.7,38.3,5.0,0.0,3.1,1.8,33.0,1,96.9,0,0
67,1,0,2,1,0,0,0,1,1,2,3,2,3,1,0,45.0,42.0,6,15.0,76.0,0.8,30.0,0.0,2220.0,58.8,41.2,0.0,0.0,2.5,1.0,30.0,2,100.0,0,0
67,1,0,2,1,0,0,0,1,1,2,3,2,3,1,0,45.0,42.0,6,16.0,84.0,0.6,28.0,0.0,2220.0,54.3,45.7,0.0,0.0,2.5,1.0,30.0,2,100.0,0,0
52,2,0,2,1,0,2,2,1,1,2,0,0,1,3,1,55.0,54.0,8,15.0,70.0,0.6,60.0,3.4,1600.0,56.8,39.8,0.0,0.0,1.0,0.4,45.0,4,103.3,0,0
52,2,0,2,1,0,2,1,1,1,1,0,0,1,3,1,57.5,54.0,8,15.5,80.0,0.6,55.0,0.0,1600.0,62.5,37.5,0.0,0.0,3.0,0.5,45.0,4,103.3,0,0
51,1,0,2,1,0,0,0,1,1,2,1,1,1,3,0,40.0,54.0,6,15.6,89.0,1.0,30.9,1.2,1700.0,58.1,40.7,0.0,0.0,2.5,0.6,40.0,1,103.3,0,0
25,1,0,2,1,0,0,0,1,1,2,3,2,3,3,0,40.0,38.0,10,16.0,92.0,0.6,25.0,1.1,1900.0,53.8,45.2,0.0,0.0,2.5,1.0,30.0,1,100.0,0,0
41,1,0,2,1,0,2,0,1,1,2,3,2,1,1,1,50.0,60.0,10,14.0,75.0,0.6,33.0,0.0,2000.0,65.2,34.8,0.0,0.0,0.0,0.0,35.0,4,96.9,0,1
11,2,0,2,1,0,2,2,1,3,2,3,3,3,3,0,45.0,49.0,3,16.0,72.0,0.4,38.0,15.0,1650.0,50.0,35.0,0.0,0.0,2.5,0.2,38.0,1,96.9,0,1
27,2,0,2,1,0,2,2,1,1,2,1,1,1,3,0,60.0,43.0,14,15.0,94.0,1.0,30.9,9.5,1500.0,52.6,37.9,0.0,4.0,2.5,1.0,40.0,2,100.0,0,1
63,2,0,2,1,0,2,2,1,1,1,2,4,3,3,1,47.5,41.0,12,18.0,74.0,0.5,30.0,17.7,1900.0,44.2,38.1,2.0,0.0,2.5,1.0,40.0,1,100.0,0,1
27,2,0,2,1,0,2,2,1,1,2,0,0,1,3,0,47.5,52.0,8,14.3,98.0,0.8,55.0,11.7,1600.0,53.2,35.1,0.0,0.0,3.0,1.0,40.0,1,100.0,0,1
61,1,0,2,1,0,0,0,1,1,2,3,3,2,1,1,37.5,54.0,10,14.5,80.0,1.0,20.0,10.9,2400.0,54.3,34.8,0.0,0.0,2.5,0.4,30.0,4,103.3,0,0
61,1,0,2,1,0,0,0,1,1,2,3,3,2,1,1,52.5,54.0,8,14.6,82.0,0.7,32.0,10.5,2400.0,52.6,36.8,0.0,0.0,2.5,0.5,30.0,4,100.0,0,0
67,1,0,2,1,0,0,0,1,1,2,2,6,3,1,0,45.0,55.0,10,15.0,75.0,0.8,25.0,0.0,2300.0,59.8,40.2,0.0,0.0,2.0,2.3,30.0,1,96.6,0,0
61,1,0,2,1,0,2,0,1,1,1,2,6,3,1,0,40.0,48.0,10,15.0,82.0,1.0,35.0,0.0,1720.0,59.3,40.7,0.0,0.0,1.5,1.5,32.0,1,100.0,0,0
61,1,0,2,1,0,2,0,1,1,1,2,6,3,1,0,40.0,48.0,12,15.0,75.0,1.0,30.0,0.0,1720.0,61.7,38.3,0.0,0.0,2.5,3.0,33.0,1,103.2,0,0
51,2,0,2,1,0,2,2,1,1,1,0,0,1,3,0,50.0,52.0,3,14.0,80.0,0.8,60.0,4.4,1700.0,54.9,40.7,0.0,0.0,2.5,1.0,40.0,1,100.0,0,1
51,2,0,2,1,0,2,2,1,1,2,1,1,1,3,0,55.0,54.0,6,13.2,79.0,1.0,30.9,18.9,1700.0,47.2,34.0,0.0,0.0,2.0,0.6,40.0,1,100.0,0,0
51,1,0,2,1,0,0,0,1,1,2,1,1,1,3,0,40.0,54.0,8,14.4,87.0,1.0,30.9,4.5,1700.0,56.2,39.3,0.0,0.0,2.5,1.0,40.0,1,96.8,0,0
51,2,0,2,1,0,2,2,1,1,2,0,0,1,3,0,72.5,54.0,3,14.5,82.0,0.8,50.0,2.2,1900.0,56.7,41.6,0.0,0.0,3.0,0.9,40.0,1,100.0,0,0
51,2,0,2,1,0,2,2,1,1,2,1,1,1,3,0,47.5,54.0,3,16.1,69.0,1.0,30.9,3.3,1700.0,55.5,41.1,0.0,0.0,2.5,0.9,40.0,0,103.3,0,0
51,2,0,2,1,0,2,2,1,1,2,3,3,1,3,0,60.0,50.0,10,15.0,72.0,0.8,30.0,15.9,1700.0,44.2,39.8,1.0,0.0,3.0,0.5,40.0,1,100.0,0,1
62,1,0,1,1,0,0,0,2,1,2,2,5,3,1,0,50.0,48.0,12,15.8,70.0,0.7,30.0,0.0,1900.0,58.8,41.2,5.0,0.0,2.5,1.2,30.0,1,100.0,0,0
62,1,0,1,1,0,0,0,1,1,2,2,5,3,3,0,50.0,48.0,6,15.5,68.0,0.8,30.0,0.0,1900.0,57.4,42.6,10.0,0.0,1.5,1.0,30.0,1,100.0,0,0
40,1,0,2,1,0,0,0,1,1,2,3,2,1,1,0,40.0,54.0,6,15.0,80.0,0.8,28.0,0.0,1800.0,58.8,41.2,0.0,0.0,2.5,1.2,30.0,1,100.0,0,0
40,1,0,2,1,0,0,0,1,1,2,3,2,1,1,0,40.0,54.0,10,15.0,88.0,0.8,28.0,0.0,1800.0,58.8,41.2,0.0,0.0,2.5,1.2,30.0,1,100.0,0,0
63,2,0,2,1,0,2,2,1,1,1,2,4,3,3,1,40.0,54.0,12,14.1,80.0,0.7,20.0,24.8,1850.0,41.3,33.9,3.0,0.0,2.5,0.8,40.0,4,103.3,0,0
53,2,0,2,1,0,2,1,1,1,1,0,0,1,3,2,50.0,65.0,20,17.0,100.0,0.6,52.0,5.6,1650.0,55.5,38.9,0.0,0.0,3.0,0.6,45.0,7,103.0,0,1
34,2,0,2,1,0,2,1,1,1,1,2,4,3,3,0,52.5,62.0,16,14.5,95.0,0.8,20.0,0.0,1950.0,58.8,41.2,0.0,0.0,2.0,1.0,38.0,2,100.0,0,1
52,2,0,2,1,0,2,2,1,1,1,0,0,1,3,0,50.0,56.0,3,14.3,105.0,0.8,70.0,0.0,1600.0,55.5,44.5,0.0,0.0,3.0,1.0,45.0,2,100.0,0,1
41,1,0,2,1,0,0,0,1,1,0,1,1,1,4,1,47.5,62.0,12,15.0,84.0,0.7,30.9,5.6,1823.4,56.2,38.2,0.0,0.0,2.5,1.0,35.0,4,96.7,0,0
41,1,0,2,1,0,0,0,1,1,0,1,1,1,4,1,47.5,62.0,20,15.0,80.0,0.7,30.9,5.6,1823.4,56.2,38.2,0.0,0.0,2.5,1.0,35.0,4,96.9,0,0
61,1,0,2,1,0,0,0,1,1,2,3,2,2,1,0,30.0,58.0,16,15.9,81.0,0.6,30.0,0.0,2150.0,62.5,37.5,10.0,0.0,2.5,1.0,30.0,2,90.0,0,0
61,1,0,2,1,0,0,0,1,1,2,3,2,2,1,0,30.0,58.0,12,16.3,78.0,0.6,30.0,0.0,2150.0,58.8,41.2,10.0,0.0,2.5,1.0,30.0,2,90.0,0,0
67,1,0,2,1,0,0,0,1,1,2,2,5,3,1,0,30.0,51.0,10,16.0,70.0,0.8,20.0,0.0,2250.0,58.8,41.2,0.0,0.0,1.5,0.6,30.0,2,103.3,0,0
67,1,0,2,1,0,0,0,2,1,2,2,5,3,1,0,30.0,51.0,12,16.0,76.0,0.9,25.0,19.1,2250.0,42.7,38.2,3.0,0.0,1.2,0.5,30.0,2,103.3,0,0
67,1,0,2,1,0,0,0,1,1,2,2,6,3,1,0,30.0,58.0,17,15.0,98.0,0.8,30.0,0.0,2300.0,58.8,41.2,6.0,0.0,2.2,1.0,30.0,2,100.0,0,0
67,1,0,2,1,0,0,0,1,1,2,2,6,3,1,0,30.0,58.0,17,15.0,96.0,0.8,30.0,0.0,2300.0,58.8,41.2,6.0,0.0,3.0,0.8,30.0,2,100.0,0,0
17,2,0,2,1,0,0,2,1,1,1,3,2,3,1,0,52.5,54.0,16,16.3,90.0,0.8,38.0,0.0,1800.0,62.5,38.5,0.0,0.0,2.9,1.1,33.0,2,100.0,0,0
17,2,0,2,1,0,0,2,1,1,1,3,2,3,1,0,55.5,54.0,6,15.0,82.0,0.8,38.0,0.0,1800.0,58.8,41.2,0.0,0.0,2.0,1.0,33.0,2,100.0,0,0
63,2,0,2,1,0,2,2,1,3,2,2,4,3,3,2,40.0,54.0,20,14.6,85.0,0.7,20.0,21.7,1850.0,43.5,34.8,0.0,0.0,2.5,0.8,40.0,7,103.0,0,0
23,2,0,2,1,0,2,2,1,1,2,1,1,1,2,0,50.0,53.0,10,16.0,65.0,0.8,30.9,15.8,1300.0,49.5,34.7,0.0,0.0,2.5,1.0,28.0,2,93.5,0,0
23,2,0,2,1,0,2,2,1,1,2,1,1,1,2,0,50.0,53.0,10,16.5,90.0,0.8,30.9,11.3,1300.0,51.5,37.1,0.0,0.0,2.5,0.7,28.0,2,100.0,0,0
29,2,0,2,1,0,2,1,1,1,2,0,0,1,3,0,50.0,59.0,14,13.0,92.0,0.6,49.0,0.0,1300.0,58.8,41.2,0.0,0.0,3.0,1.1,40.0,2,100.0,0,1
14,2,0,2,1,0,2,2,1,1,1,3,2,1,3,0,57.5,55.0,12,14.0,86.0,0.8,30.0,13.0,1700.0,50.0,37.0,0.0,0.0,2.9,0.9,34.0,2,100.0,0,0
14,2,0,2,1,0,2,2,1,1,1,3,2,1,3,0,55.0,55.0,10,13.0,86.0,0.8,28.0,13.7,1700.0,49.0,37.3,0.0,0.0,3.0,0.8,34.0,2,100.0,0,0
12,0,0,2,1,0,0,0,1,1,2,3,2,1,1,2,45.0,60.0,20,15.5,80.0,0.7,30.0,13.0,1750.0,54.3,32.6,0.0,0.0,2.8,1.0,33.0,7,103.0,0,0
12,0,0,2,1,0,0,0,1,1,2,3,2,1,1,2,45.0,60.0,20,15.0,78.0,0.6,34.0,15.0,1750.0,50.0,35.0,0.0,0.0,2.5,1.0,33.0,7,103.0,0,0
16,2,0,2,1,0,2,1,1,1,1,1,1,1,3,0,50.0,59.0,15,15.0,90.0,0.8,30.9,0.0,1500.0,58.8,41.2,0.0,0.0,2.5,1.0,40.0,2,100.0,0,1
63,2,0,2,1,0,2,2,1,1,1,2,4,3,3,0,55.0,49.0,6,15.6,80.0,1.0,30.0,35.8,1950.0,41.7,22.5,1.0,0.0,2.7,1.0,40.0,3,100.0,0,1
54,2,0,2,1,0,2,2,1,1,2,3,2,1,0,0,65.0,49.0,12,13.5,82.0,0.6,30.0,0.0,1350.0,68.2,31.8,1.0,0.0,2.5,1.0,38.0,3,103.2,0,1
30,1,0,2,1,0,2,2,1,1,1,0,0,1,3,0,65.0,65.0,15,14.0,100.0,0.8,40.0,7.0,1200.0,58.1,34.9,0.0,0.0,2.5,1.0,40.0,2,100.0,0,1
67,1,0,2,1,0,0,0,1,1,0,2,5,3,1,1,50.0,58.0,10,16.0,78.5,0.9,24.0,0.0,2200.0,58.8,41.2,0.0,0.0,1.2,0.6,30.0,5,93.8,0,0
54,2,0,2,1,0,2,2,1,1,1,3,2,1,0,0,65.0,58.0,15,15.0,74.0,0.6,32.0,0.0,1800.0,57.5,42.5,1.0,0.0,2.5,1.0,38.0,3,103.2,0,1
67,1,0,2,1,0,0,0,1,1,0,2,5,3,1,1,50.0,58.0,12,15.5,75.0,0.8,24.0,0.0,2200.0,58.8,41.2,0.0,0.0,1.5,0.6,30.0,5,100.0,0,0
70,2,0,2,1,0,2,2,1,1,2,3,3,3,3,1,62.5,47.0,2,17.0,75.0,0.8,30.0,14.3,1700.0,47.6,38.1,0.0,0.0,3.0,0.5,40.0,4,96.9,0,1
4,1,0,2,1,0,0,0,1,1,2,2,6,3,1,1,40.0,47.0,3,15.0,75.0,0.8,25.0,0.0,2100.0,61.1,38.9,0.0,0.0,2.4,1.1,33.0,4,96.9,0,0
63,2,0,2,1,0,2,2,1,1,2,2,4,3,3,1,45.0,47.0,3,14.0,80.0,0.8,20.0,18.0,1800.0,45.0,37.0,0.0,0.0,2.5,0.8,40.0,4,96.9,0,0
31,2,0,2,1,0,2,2,1,1,1,2,4,3,0,2,50.0,59.0,12,14.5,71.0,0.6,20.0,11.1,1650.0,55.5,33.3,0.0,0.0,2.5,1.0,40.0,7,103.0,0,1
49,2,0,2,1,0,2,2,1,1,2,3,2,1,3,0,60.0,58.0,12,15.1,93.0,1.0,25.0,0.0,1650.0,56.1,33.9,0.0,0.0,2.5,1.0,40.0,2,100.0,0,1
49,2,0,2,1,0,2,2,1,1,1,3,2,1,3,0,50.0,58.0,14,13.5,100.0,0.8,35.0,0.0,1750.0,55.5,44.5,3.0,0.0,2.7,0.5,40.0,2,100.0,0,1
51,2,0,2,1,0,2,2,1,1,2,0,0,1,3,0,40.0,56.0,10,16.5,80.0,0.7,45.0,20.3,1400.0,44.2,35.5,0.0,0.0,3.0,0.6,40.0,2,100.0,0,0
51,2,0,2,1,0,2,2,1,1,2,0,0,1,3,1,30.0,56.0,16,16.0,70.0,0.7,60.0,21.8,1400.0,45.4,32.8,0.0,0.0,3.0,0.9,40.0,4,96.8,0,0
49,2,0,2,1,0,2,2,1,3,2,3,2,1,3,0,37.5,56.0,10,14.0,82.0,0.6,28.0,0.0,1700.0,58.8,41.2,2.0,0.0,2.5,0.5,40.0,2,100.0,0,0
51,2,0,2,1,0,2,2,1,3,2,1,1,1,3,1,50.0,56.0,12,14.6,74.0,0.8,30.9,7.5,1400.0,53.8,38.7,0.0,4.0,2.4,0.8,40.0,4,96.8,0,0
51,2,0,2,1,0,2,2,1,3,2,1,1,1,3,1,57.5,56.0,18,13.8,73.0,0.8,30.9,4.4,1400.0,52.7,42.9,0.0,0.0,2.0,0.5,40.0,4,96.8,0,0
4,1,0,2,1,0,0,0,1,1,2,2,6,3,1,1,45.0,55.0,3,14.0,73.0,0.8,30.0,0.0,2100.0,61.1,38.9,0.0,0.0,2.5,0.8,33.0,4,96.8,0,1
38,1,0,2,1,0,0,0,1,1,2,2,5,3,1,1,30.0,56.0,3,14.7,87.0,0.9,20.0,0.0,2150.0,58.8,41.2,12.0,0.0,1.5,0.6,30.0,4,96.8,0,0
38,1,0,2,1,0,0,0,1,1,2,2,5,3,1,0,40.0,56.0,12,15.3,86.0,0.8,32.0,0.0,2150.0,58.8,41.2,12.0,0.0,2.2,0.8,30.0,2,100.0,0,0
51,2,0,2,1,0,0,0,1,1,2,1,1,1,3,1,55.0,56.0,15,15.0,87.0,0.8,30.9,0.0,1250.0,62.5,37.5,0.0,0.0,2.5,1.0,40.0,4,96.8,0,0
51,2,0,2,1,0,0,0,1,1,2,1,1,1,3,1,55.0,56.0,15,15.0,93.0,0.8,30.9,0.0,1250.0,62.5,37.5,0.0,0.0,2.5,1.0,40.0,4,96.8,0,0
56,2,0,2,1,0,2,2,1,3,1,3,3,1,3,1,60.0,56.0,10,16.0,87.0,0.6,26.0,10.5,1450.0,50.5,39.0,3.0,0.0,3.0,1.3,40.0,4,93.8,0,1
56,2,0,2,1,0,2,2,1,1,1,0,0,1,3,0,60.0,53.0,10,18.0,103.0,0.6,50.0,22.1,1600.0,41.0,36.9,0.0,0.0,3.0,0.7,40.0,2,105.2,0,0
56,2,0,2,1,0,2,2,1,1,1,0,0,1,3,0,57.5,53.0,14,14.5,70.0,0.6,58.0,20.2,1600.0,42.0,37.8,3.0,0.0,3.0,1.0,40.0,2,105.2,0,0
64,2,0,2,1,0,2,2,1,1,1,0,0,1,3,1,62.5,61.0,10,14.0,85.0,0.8,50.0,3.5,1660.0,56.8,39.7,2.0,0.0,3.0,1.0,32.0,4,93.8,0,0
64,2,0,2,1,0,2,2,1,1,1,0,0,1,3,0,65.0,61.0,14,14.8,80.0,0.4,45.0,19.5,1660.0,42.4,38.1,0.0,0.0,3.0,1.0,32.0,2,105.2,0,0
26,1,0,2,1,0,0,0,1,1,2,2,7,3,1,1,50.0,61.0,8,14.2,88.0,1.0,29.0,0.0,2350.0,52.6,47.4,1.3,0.0,2.5,1.1,30.0,4,93.8,0,0
26,1,0,2,1,0,0,0,1,1,2,2,7,3,1,0,50.0,61.0,12,13.0,72.0,1.0,41.0,0.0,2350.0,58.8,41.2,1.3,0.0,2.0,1.0,30.0,2,105.2,0,0
57,1,0,2,1,0,0,0,1,1,1,2,4,3,1,0,45.0,61.0,15,14.0,78.0,0.8,20.0,25.6,2100.0,42.7,31.7,0.0,0.0,2.5,0.8,30.0,2,105.2,0,0
57,1,0,2,1,0,0,0,1,1,2,2,4,3,1,0,50.0,61.0,12,13.1,70.0,0.8,25.0,21.7,2100.0,41.7,36.6,5.0,0.0,2.5,0.8,30.0,2,105.2,0,0
61,1,0,2,1,0,0,0,1,1,0,2,6,2,1,0,32.5,54.0,8,15.5,78.0,1.0,25.0,0.0,1900.0,58.8,41.2,10.0,0.0,2.5,0.5,30.0,2,93.3,0,0
61,1,0,2,1,0,0,0,1,1,0,2,6,2,1,0,32.5,54.0,18,15.5,78.0,1.0,25.0,0.0,1900.0,58.8,41.2,10.0,0.0,1.4,0.8,30.0,2,103.2,0,0
67,1,0,2,1,0,0,0,1,1,2,2,6,3,1,1,40.0,54.0,3,15.0,72.0,0.8,35.0,0.0,2500.0,58.5,41.5,0.0,0.0,2.1,1.1,30.0,4,100.0,0,0
67,1,0,2,1,0,0,0,1,1,2,2,6,3,1,1,40.0,54.0,14,15.0,78.0,0.8,20.0,0.0,2500.0,61.1,38.9,0.0,0.0,2.5,0.7,30.0,4,100.0,0,0
67,1,0,2,1,0,0,0,1,1,2,2,5,3,1,0,45.0,54.0,3,15.0,80.0,0.8,20.0,0.0,2000.0,58.8,41.2,0.0,0.0,1.5,0.6,33.0,2,111.1,0,0
66,0,0,2,1,0,0,2,1,1,1,3,3,3,0,0,45.0,51.0,2,16.0,75.0,0.5,30.0,0.0,1800.0,58.8,41.2,0.0,0.0,2.1,1.0,30.0,2,100.0,0,1
57,1,0,2,1,0,0,0,1,1,2,2,7,3,3,0,40.0,54.0,15,15.2,88.0,0.9,30.9,5.9,2300.0,49.5,44.6,8.0,0.0,2.5,1.0,33.0,2,111.1,0,0
57,1,0,2,1,0,0,0,1,1,2,2,7,3,3,0,40.0,54.0,12,14.7,90.0,0.9,30.9,0.0,2300.0,52.6,47.4,4.0,0.0,3.0,1.1,33.0,2,111.1,0,0
23,2,0,2,1,0,2,2,1,1,2,3,3,1,3,0,57.5,54.0,14,16.2,79.0,0.5,23.0,19.0,1500.0,47.6,33.4,5.0,0.0,3.0,1.0,32.0,2,93.3,0,0
56,2,0,2,1,0,2,2,1,1,1,0,0,1,3,0,60.0,53.0,12,16.5,88.0,0.8,55.0,22.1,1550.0,41.0,36.9,0.0,0.0,3.0,0.8,40.0,2,105.1,0,0
23,2,0,2,1,0,2,2,1,1,2,3,3,1,3,0,55.0,54.0,10,15.8,79.0,0.5,30.0,12.4,1500.0,51.5,36.1,0.0,0.0,3.0,0.5,32.0,2,93.3,0,0
56,2,0,2,1,0,2,2,1,1,1,0,0,1,3,0,60.0,53.0,10,14.7,70.0,0.8,50.0,20.2,1550.0,42.0,37.8,3.0,0.0,3.0,1.0,40.0,2,111.1,0,0
67,1,0,2,1,0,0,0,1,1,2,3,3,3,1,0,45.0,53.0,10,15.2,78.0,1.0,30.9,13.3,2150.0,51.0,35.7,2.0,0.0,2.5,1.1,30.0,2,111.1,0,0
67,1,0,2,1,0,0,0,1,1,2,3,3,3,1,0,35.0,53.0,8,14.7,80.0,1.0,30.9,5.5,2150.0,55.6,38.9,0.0,0.0,2.5,0.4,30.0,2,111.1,0,0
66,1,0,2,1,0,0,2,1,1,2,3,3,3,0,0,35.0,55.0,18,15.0,70.0,0.5,32.0,0.0,1950.0,58.8,41.2,0.0,0.0,2.5,1.3,30.0,2,100.0,0,1
66,1,0,2,1,0,0,0,1,1,1,3,3,3,0,0,35.0,55.0,6,15.0,70.0,0.5,35.0,0.0,2000.0,58.8,41.2,0.0,0.0,2.5,1.5,30.0,2,100.0,0,1
66,0,0,2,1,0,0,2,1,1,1,3,3,3,3,0,45.0,54.0,12,17.0,94.0,0.2,26.0,0.0,1900.0,56.8,43.2,0.0,0.0,2.5,0.9,30.0,2,100.0,0,0
66,1,0,2,1,0,0,2,1,1,1,3,3,3,3,1,45.0,54.0,3,14.0,80.0,0.3,34.0,3.4,1900.0,56.8,39.8,0.0,0.0,2.5,1.3,30.0,4,106.7,0,0
4,1,0,2,0,0,0,0,1,1,2,2,7,3,1,0,30.0,50.0,3,15.6,84.0,1.0,30.9,0.0,2400.0,58.8,41.2,4.0,0.0,2.5,0.9,33.0,2,96.8,0,0
4,1,0,2,0,0,0,0,1,1,2,2,7,3,1,0,30.0,50.0,12,15.8,92.0,1.0,30.9,0.0,2400.0,58.5,41.2,2.0,0.0,3.0,1.4,33.0,2,96.8,0,0
60,2,0,2,1,0,2,2,1,3,2,0,0,1,3,0,45.0,50.0,3,14.5,70.0,0.8,42.0,5.3,1700.0,52.6,42.1,0.0,0.0,3.0,0.8,40.0,6,100.0,0,0
60,2,0,2,1,0,2,2,1,3,2,0,0,2,3,0,40.0,50.0,8,13.5,75.0,0.8,45.0,0.0,1700.0,58.8,41.2,0.0,0.0,3.0,0.6,40.0,2,100.0,0,0
63,2,0,2,1,0,2,2,1,1,2,2,4,3,3,0,50.0,50.0,3,16.2,75.0,0.8,25.0,3.3,1850.0,54.9,41.8,2.0,0.0,2.7,0.9,40.0,2,100.0,0,0
24,2,0,2,1,0,2,2,1,1,1,0,0,1,2,0,45.0,54.0,12,14.8,70.0,0.8,50.0,13.0,1420.0,54.3,32.6,0.0,0.0,3.0,0.9,28.0,2,106.9,0,0
24,2,0,2,1,0,2,2,1,1,1,0,0,1,2,0,45.0,54.0,6,14.3,67.0,0.8,45.0,12.3,1420.0,51.5,36.1,0.0,0.0,3.0,0.6,28.0,2,106.9,0,0
61,1,0,2,1,0,0,0,1,1,1,3,2,2,1,1,45.0,54.0,8,14.0,90.0,0.8,30.0,0.0,2000.0,58.8,41.2,0.0,0.0,3.0,1.0,33.0,4,103.3,0,0
50,1,0,2,1,0,0,0,1,1,1,2,4,3,0,0,30.0,54.0,6,15.8,68.0,0.8,25.0,6.4,2000.0,53.2,40.4,4.0,0.0,2.3,0.8,35.0,2,106.9,0,0
66,1,0,2,1,0,0,0,1,1,2,2,5,3,0,0,30.0,54.0,18,13.6,70.0,0.8,30.0,0.0,2000.0,58.8,41.2,0.0,0.0,2.3,0.9,30.0,2,100.0,0,0
50,1,0,2,1,0,0,0,1,1,2,2,4,3,0,0,30.0,54.0,12,16.8,71.0,0.8,25.0,18.0,2000.0,45.0,36.9,0.0,0.0,2.5,0.9,35.0,2,106.9,0,0
66,1,0,2,1,0,0,0,1,1,2,2,5,3,0,0,30.0,54.0,2,14.6,70.0,0.8,30.0,0.0,2000.0,58.8,41.2,0.0,0.0,1.5,0.6,30.0,2,106.9,0,0
61,1,0,2,1,0,0,0,1,1,2,3,3,2,1,0,45.0,54.0,2,18.0,90.0,0.5,26.0,8.3,1875.0,52.1,39.6,0.0,0.0,3.0,1.0,33.0,2,106.9,0,0
61,1,0,2,1,0,0,0,1,1,2,3,2,2,1,0,45.0,54.0,14,15.0,100.0,0.8,33.0,2.3,2000.0,56.8,40.9,0.0,0.0,2.8,0.9,33.0,2,106.9,0,0
24,2,0,2,1,0,2,2,1,1,2,1,1,1,0,0,45.0,56.0,10,15.5,78.0,0.8,30.9,11.1,1350.0,55.5,33.3,0.0,0.0,2.2,0.9,28.0,2,100.0,0,0
24,2,0,2,1,0,2,2,1,1,2,1,1,1,0,1,45.0,56.0,6,16.0,64.0,0.8,30.9,11.1,1350.0,55.5,33.3,0.0,0.0,2.5,0.5,28.0,4,103.3,0,0
47,2,0,2,1,0,2,2,1,1,1,2,7,3,0,0,45.0,56.0,12,14.9,85.0,1.0,30.0,17.3,1600.0,48.1,34.6,0.0,0.0,2.8,1.0,40.0,2,100.0,0,0
47,2,0,2,1,0,2,2,1,1,1,2,7,3,1,0,30.0,56.0,14,14.7,83.0,1.0,30.0,10.8,1600.0,53.8,35.5,0.0,6.0,2.6,1.2,40.0,2,100.0,0,0
4,1,0,2,1,0,0,0,1,1,2,2,7,3,1,0,57.5,57.0,14,15.3,84.0,1.0,30.0,19.0,2400.0,47.6,33.3,0.0,0.0,3.0,1.0,33.0,4,93.8,0,0
4,1,0,2,1,0,0,0,1,1,2,2,7,3,1,0,57.5,57.0,20,14.2,78.0,1.0,30.0,10.5,2400.0,52.6,36.8,0.0,0.0,2.5,1.0,33.0,4,93.8,0,0
28,2,0,2,1,0,2,2,1,3,0,3,2,2,3,1,47.5,49.0,14,15.0,84.0,0.8,28.0,2.2,1600.0,54.3,43.5,0.0,0.0,3.0,0.9,34.0,0,108.1,0,1
63,2,0,2,1,0,2,2,1,1,1,2,4,3,3,1,57.5,51.0,12,15.2,70.0,0.6,25.0,11.1,1850.0,50.5,38.4,3.0,0.0,2.5,0.8,34.0,0,100.0,0,0
63,2,0,2,1,0,2,2,1,1,1,2,4,3,3,1,57.5,51.0,8,15.6,81.0,0.8,25.0,9.8,1850.0,49.0,41.2,0.0,0.0,2.7,0.6,34.0,0,100.0,0,0
4,1,0,2,1,0,2,0,1,1,2,2,5,3,0,0,40.0,55.0,19,15.4,80.0,0.8,30.0,10.2,2400.0,51.0,38.8,0.0,0.0,1.7,0.7,30.0,6,93.8,0,0
4,1,0,2,1,0,2,0,1,1,2,2,5,3,0,0,45.0,55.0,10,16.1,82.0,0.8,30.0,0.0,2400.0,58.8,41.2,0.0,0.0,2.0,0.8,30.0,6,93.8,0,0
21,2,0,2,1,0,2,2,1,1,2,1,1,1,3,1,40.0,54.0,10,15.0,70.0,0.7,30.9,10.0,1823.4,50.0,40.0,0.0,0.0,2.5,0.8,60.0,0,100.0,0,0
21,2,0,2,1,0,2,2,1,1,2,1,1,1,3,0,42.5,54.0,10,15.0,70.0,0.7,30.9,13.4,1500.0,48.1,38.5,2.0,0.0,2.5,1.0,60.0,6,93.8,0,0
5,2,0,2,1,0,2,2,1,1,1,0,0,1,1,0,52.5,55.0,12,14.0,70.0,0.6,55.0,7.9,1600.0,57.5,34.4,4.0,0.0,3.0,0.8,40.0,6,93.8,0,0
5,2,0,2,1,0,2,2,1,1,2,0,0,1,1,0,52.5,55.0,16,14.0,80.0,0.7,55.0,9.9,1600.0,49.5,40.6,0.0,0.0,3.0,0.5,40.0,6,93.8,0,0
61,1,0,2,1,0,0,0,1,1,2,3,2,2,1,0,35.0,72.0,14,15.2,72.0,1.0,36.0,0.0,2200.0,65.2,34.8,0.0,0.0,2.5,1.0,30.0,4,93.6,1,1
61,1,0,2,1,0,0,0,1,1,1,3,2,2,1,0,35.0,56.0,8,15.0,70.0,1.0,33.0,0.0,2350.0,65.2,34.8,0.0,0.0,2.5,1.0,30.0,4,93.8,1,1
20,1,0,2,1,0,0,0,1,1,1,3,3,3,1,2,45.0,46.0,20,16.0,72.0,0.5,32.0,0.0,1673.0,58.8,41.2,0.0,0.0,2.5,1.5,30.0,7,103.0,3,1
61,1,0,2,1,0,0,0,1,1,1,3,2,2,1,0,40.0,60.0,3,15.5,73.0,0.8,28.0,0.0,1850.0,65.2,34.8,0.0,0.0,2.8,1.0,30.0,4,100.0,1,1
51,2,0,2,1,0,2,2,1,1,1,0,0,1,3,1,60.0,50.0,6,14.5,70.0,0.8,45.0,15.6,1650.0,45.8,38.5,2.0,0.0,2.5,1.0,40.0,4,100.0,0,0
51,2,0,2,1,0,2,2,1,1,1,3,3,1,3,0,60.0,50.0,8,14.9,88.0,0.4,32.0,10.3,1700.0,51.5,38.1,5.0,0.0,3.0,1.3,40.0,4,103.3,0,0
51,2,0,2,1,0,2,2,1,1,1,0,0,1,3,0,60.0,50.0,10,14.5,60.0,0.8,40.0,19.0,1650.0,47.6,33.3,0.0,0.0,2.5,1.0,40.0,4,103.3,0,0
51,2,0,2,2,0,2,2,1,1,1,3,3,1,3,0,65.0,50.0,8,15.0,86.0,0.2,28.0,10.5,1700.0,52.6,36.8,2.0,0.0,2.5,0.6,40.0,4,103.3,0,0
51,2,0,2,1,0,2,2,1,1,2,1,1,1,3,1,55.0,47.0,14,13.0,70.0,0.7,30.9,14.1,1600.0,50.5,35.3,0.0,0.0,2.5,0.5,40.0,2,106.2,0,0
51,2,0,2,1,0,2,2,1,1,2,1,1,1,3,1,65.0,47.0,14,12.0,68.0,0.7,30.9,0.0,1600.0,58.8,41.2,0.0,0.0,2.8,0.8,40.0,2,106.2,0,0
51,2,0,2,1,0,0,0,1,1,2,1,1,1,3,1,55.0,47.0,6,15.5,74.0,0.7,30.9,0.0,1600.0,62.5,37.5,0.0,0.0,2.5,1.0,40.0,2,106.2,0,0
51,2,0,2,1,0,0,0,1,1,2,1,1,1,3,0,55.0,47.0,3,14.0,71.0,0.7,30.9,0.0,1600.0,62.5,37.5,0.0,0.0,2.5,0.7,40.0,4,90.3,0,0
51,2,0,2,1,0,2,2,1,1,2,3,3,1,3,0,65.0,60.0,8,14.5,80.0,0.2,38.0,15.8,1900.0,49.5,34.6,0.0,0.0,2.9,0.7,40.0,4,103.3,0,0
51,2,0,2,1,0,2,2,1,1,2,3,3,1,3,0,60.0,60.0,8,14.0,76.0,0.4,30.0,10.3,1900.0,51.5,38.1,5.0,0.0,2.6,1.1,40.0,4,103.3,0,0
61,1,0,2,1,0,0,0,1,1,1,3,2,2,1,0,40.0,49.0,8,14.0,82.0,0.6,30.0,0.0,2150.0,65.2,34.8,1.0,0.0,2.5,0.9,30.0,4,93.8,1,1
46,1,0,2,1,0,2,0,1,1,1,3,2,3,3,0,55.0,50.0,1,14.0,80.0,0.6,32.0,8.0,2000.0,60.0,32.0,0.0,0.0,2.5,0.9,35.0,4,93.6,1,1
46,1,0,2,1,0,2,0,1,1,2,3,2,3,3,0,55.0,48.0,14,14.5,76.0,0.5,30.0,8.0,2000.0,60.0,32.0,0.0,0.0,2.5,1.0,35.0,4,93.6,1,1
63,2,0,2,1,0,2,2,1,1,1,2,4,3,3,0,55.0,50.0,8,17.0,89.0,1.0,22.0,10.4,1650.0,52.1,37.5,0.8,0.0,2.5,1.1,34.0,4,93.6,1,1
46,1,0,2,1,0,2,2,1,1,2,3,3,3,2,1,55.0,50.0,3,17.0,78.0,0.2,32.0,9.7,1900.0,52.2,38.1,0.0,0.0,3.0,0.9,35.0,4,97.0,1,1
62,1,0,1,1,0,0,0,1,1,2,2,5,3,1,0,42.5,48.0,3,16.0,70.0,0.8,35.0,0.0,2050.0,66.7,33.3,2.0,0.0,1.7,1.0,30.0,4,93.6,1,0
62,1,0,1,1,0,0,0,1,1,1,2,5,3,1,0,42.5,48.0,3,15.0,76.0,0.9,30.0,3.6,2050.0,60.2,36.2,0.0,0.0,2.5,1.0,30.0,4,93.6,1,0
66,1,0,2,1,0,0,0,1,1,1,2,6,3,2,1,35.0,48.0,6,14.5,76.0,0.8,20.0,0.0,2225.0,62.5,37.5,4.0,0.0,2.7,1.2,33.0,4,106.2,1,0
66,1,0,2,1,0,0,0,1,1,1,2,6,3,2,1,35.0,48.0,10,14.5,74.0,0.8,20.0,0.0,2225.0,62.5,37.5,4.0,0.0,2.0,1.2,33.0,4,106.2,1,0
61,1,0,2,1,0,0,0,1,1,2,3,2,2,1,0,30.0,48.0,6,15.0,88.0,0.8,35.0,7.7,1823.4,57.7,34.6,0.0,0.0,2.8,0.8,30.0,4,100.0,1,0
63,2,0,2,0,0,2,2,1,1,1,2,4,3,3,1,47.5,49.0,16,14.5,88.0,0.6,25.0,34.5,2000.0,43.5,22.0,0.0,0.0,2.5,0.7,40.0,4,97.0,1,0
51,2,0,2,1,0,2,2,1,1,2,1,1,1,3,1,60.0,48.0,14,14.0,76.0,1.0,30.9,5.6,1600.0,55.6,38.8,0.0,0.0,2.5,0.7,40.0,4,97.0,1,0
51,2,0,2,1,0,2,2,1,1,2,1,1,1,3,1,60.0,48.0,15,16.0,72.0,1.0,30.9,15.2,1600.0,44.6,40.2,0.0,4.0,2.1,0.7,40.0,4,97.0,1,0
46,1,0,2,1,0,2,2,1,1,1,3,3,3,3,1,47.5,52.0,10,15.2,76.0,0.8,30.0,17.5,1700.0,48.7,33.8,0.0,0.0,2.5,0.8,35.0,4,114.3,0,1
13,2,0,2,1,0,2,2,1,1,2,0,0,1,3,1,42.5,52.0,12,16.8,80.0,0.6,40.0,0.0,1700.0,54.3,45.7,3.0,0.0,3.0,1.0,34.0,4,107.4,0,0
46,1,0,2,1,0,2,2,1,1,2,3,2,3,2,1,47.5,53.0,10,15.0,72.0,0.8,25.0,22.0,1500.0,45.9,32.1,0.0,0.0,2.5,0.8,35.0,4,114.3,0,1
46,1,0,2,1,0,2,2,1,1,2,3,2,3,2,1,47.5,58.0,12,14.0,85.0,0.8,28.0,16.5,1800.0,48.5,35.0,0.0,0.0,2.5,0.5,35.0,4,114.3,0,1
46,1,0,2,1,0,2,2,1,1,2,3,3,3,2,0,55.0,48.0,6,18.0,76.0,0.2,24.0,10.0,1600.0,60.0,30.0,0.0,0.0,3.0,0.9,35.0,4,93.6,1,1
10,1,0,2,1,0,0,0,1,1,2,2,4,3,1,1,30.0,52.0,12,16.5,80.0,0.6,40.0,0.0,1800.0,58.1,41.9,1.0,0.0,2.5,0.4,35.0,4,107.4,0,1
13,2,0,2,1,0,2,2,1,1,1,0,0,1,3,0,42.5,52.0,6,18.0,70.0,0.6,45.0,0.0,1700.0,58.8,41.2,0.0,0.0,3.0,0.7,34.0,4,103.1,0,0
63,2,0,2,1,0,2,2,1,1,2,2,4,3,3,1,47.5,54.0,10,14.0,65.0,0.6,25.0,16.1,1500.0,44.6,39.3,4.0,0.0,2.5,1.0,34.0,4,114.3,0,1
59,2,0,2,1,0,2,2,1,3,2,0,0,1,2,1,60.0,46.0,12,15.4,80.0,0.6,50.0,12.4,1391.0,51.5,36.1,2.0,0.0,2.7,1.0,38.5,4,114.3,0,0
59,2,0,2,1,0,2,2,1,3,2,0,0,1,2,1,60.0,46.0,12,15.4,70.0,0.6,50.0,19.0,1391.0,47.6,33.3,0.0,0.0,2.7,0.7,38.5,4,114.3,0,0
61,1,0,2,1,0,0,2,1,1,2,3,3,2,3,1,35.0,50.0,10,14.0,74.0,0.2,28.0,0.0,2500.0,58.8,41.2,0.0,0.0,2.5,0.7,30.0,4,114.3,0,0
61,1,0,2,1,0,0,2,1,1,2,3,3,2,3,1,40.0,50.0,10,13.0,74.0,0.2,25.0,0.0,2500.0,58.8,41.2,2.0,0.0,2.5,0.5,30.0,4,114.3,0,0
4,1,0,2,1,0,0,0,1,1,1,2,6,3,1,1,30.0,53.0,12,14.0,85.0,0.8,30.0,15.0,2290.0,50.0,35.0,0.0,0.0,2.0,1.5,33.0,4,110.7,0,0
4,1,0,2,1,0,0,0,1,1,1,2,6,3,1,1,30.0,53.0,10,15.0,80.0,0.8,30.0,15.0,2290.0,50.0,35.0,0.0,0.0,2.5,1.0,33.0,4,110.7,0,0
62,1,0,1,1,0,0,0,1,1,2,2,5,3,1,1,30.0,54.0,12,16.3,80.0,0.8,30.0,0.0,2100.0,60.0,40.0,3.0,0.0,2.5,1.2,30.0,4,114.3,0,0
62,1,0,1,1,0,0,0,1,1,2,2,5,3,1,1,30.0,54.0,20,14.9,72.0,1.2,30.0,3.6,2100.0,60.2,36.1,1.5,0.0,2.5,1.2,30.0,4,114.3,0,0
69,1,0,2,1,0,0,0,1,1,2,3,3,3,0,0,35.0,43.0,14,13.0,75.0,0.8,30.9,0.0,2000.0,62.5,37.5,0.0,0.0,2.5,1.1,30.0,4,100.0,0,1
63,2,0,2,1,0,2,2,1,1,2,2,4,3,3,0,52.5,43.0,8,15.0,71.0,0.8,28.0,7.4,1500.0,53.2,39.4,0.0,0.0,2.5,1.0,34.0,4,98.3,0,1
46,2,0,2,1,0,2,2,1,1,1,2,7,3,3,0,65.0,43.0,3,16.0,78.0,0.8,30.0,12.0,2100.0,46.3,41.7,0.0,0.0,2.0,1.0,40.0,4,100.0,0,1
46,2,0,2,1,0,2,2,1,1,1,2,7,3,3,0,65.0,42.0,6,17.5,100.0,1.1,25.0,17.5,2250.0,48.5,34.0,0.0,0.0,2.5,1.0,40.0,4,100.0,0,0
46,2,0,2,1,0,2,2,1,1,1,2,7,3,3,0,65.0,42.0,3,17.0,80.0,1.0,22.0,15.0,2250.0,50.0,35.0,1.0,0.0,2.5,1.0,40.0,4,100.0,0,0
4,1,0,2,1,0,0,0,1,1,2,3,2,3,1,0,37.5,43.0,3,16.0,76.0,0.9,30.9,0.0,2180.0,62.5,37.5,2.0,0.0,2.9,1.2,33.0,4,96.8,0,1
67,0,0,2,1,0,0,0,1,1,2,3,2,3,1,2,45.0,42.0,20,16.1,73.0,0.6,30.0,0.0,2000.0,61.9,38.1,0.0,0.0,2.8,1.0,30.0,7,103.0,3,1
68,1,0,2,1,0,0,0,1,1,2,3,3,3,0,0,35.0,43.0,14,13.0,75.0,0.8,30.9,0.0,2000.0,62.5,37.5,0.0,0.0,2.5,1.1,30.0,4,100.0,0,1
68,1,0,2,1,0,0,0,1,1,2,3,3,3,0,0,35.0,42.0,10,15.9,78.0,0.4,32.0,0.0,2150.0,62.5,37.5,0.0,0.0,1.7,0.9,30.0,4,101.7,0,1
4,1,0,2,1,0,0,0,1,1,1,3,2,3,1,0,40.0,43.0,6,15.5,85.0,0.8,25.0,4.7,2000.0,58.1,37.2,0.0,0.0,2.5,1.0,33.0,4,96.8,0,1
4,1,0,2,1,0,0,0,1,1,2,3,2,3,1,0,40.0,43.0,8,17.2,78.0,0.9,30.9,1.0,2180.0,58.3,40.7,2.0,0.0,2.4,0.8,33.0,4,96.8,0,1
63,2,0,2,1,0,2,2,1,1,2,2,4,3,3,0,50.0,43.0,8,17.0,72.0,0.6,30.0,14.3,1600.0,47.6,38.1,0.0,0.0,2.5,1.0,34.0,4,96.8,0,1
63,2,0,2,1,0,2,2,1,1,1,2,4,3,3,1,50.0,42.0,3,17.0,73.0,0.4,20.0,18.5,1800.0,46.3,35.1,2.0,0.0,2.5,1.0,34.0,4,100.0,0,1
51,2,0,2,1,0,2,2,1,1,2,0,0,1,1,0,40.0,43.0,3,13.5,76.0,0.8,52.0,4.4,1726.0,55.0,40.6,0.0,0.0,3.0,1.0,40.0,4,96.8,0,0
38,1,0,2,1,0,2,0,1,1,2,3,3,3,3,0,40.0,43.0,8,16.4,79.0,0.3,35.0,0.5,2400.0,59.5,40.0,0.5,0.0,2.6,1.1,35.0,4,96.8,0,0
38,1,0,2,1,0,2,0,1,1,1,3,3,3,3,0,40.0,51.0,6,15.0,70.0,0.2,24.0,0.5,0.0,59.5,40.0,0.0,0.0,3.0,1.0,35.0,4,100.0,0,1
68,1,0,2,1,0,0,0,1,1,1,3,2,3,1,0,32.5,43.0,3,13.0,80.0,0.8,28.0,0.0,1500.0,62.5,37.5,0.0,0.0,0.0,0.0,30.0,4,100.0,0,1
38,1,0,2,1,0,2,0,1,1,2,3,3,3,3,0,40.0,43.0,6,15.6,81.0,0.5,34.0,0.0,2400.0,62.5,37.5,5.0,0.0,2.4,0.9,35.0,4,96.8,0,0
38,1,0,2,1,0,2,0,1,1,2,3,3,3,3,0,37.5,43.0,3,15.8,80.0,0.5,32.0,0.0,2400.0,62.5,37.5,5.0,0.0,2.5,0.9,35.0,4,96.8,0,0
61,1,0,2,1,0,0,0,1,1,2,2,6,2,1,0,45.0,42.0,8,14.9,75.0,1.0,25.0,10.5,1660.0,52.6,36.9,0.0,0.0,2.5,1.0,30.0,4,101.7,0,0
61,1,0,2,1,0,0,0,1,1,2,2,6,2,1,0,45.0,42.0,3,14.0,80.0,0.7,20.0,7.6,1823.4,54.3,38.1,0.0,0.0,2.4,1.0,30.0,4,101.7,0,0
46,1,0,2,1,0,2,0,1,1,1,2,7,3,3,0,45.0,43.0,3,16.0,80.0,0.8,30.0,3.1,2200.0,51.0,45.9,0.0,0.0,2.5,1.3,35.0,4,103.3,0,0
46,1,0,2,1,0,2,0,1,1,1,2,7,3,3,0,50.0,43.0,3,15.5,72.0,0.8,30.0,5.1,2200.0,50.6,44.3,0.0,0.0,2.5,1.3,35.0,4,96.8,0,0
51,2,0,2,1,0,2,2,1,1,1,0,0,1,3,0,40.0,45.0,6,13.6,90.0,0.8,45.0,0.0,1386.0,62.5,37.5,0.0,0.0,3.0,0.7,40.0,4,96.8,0,1
51,2,0,2,1,0,2,2,1,1,1,0,0,1,3,0,40.0,42.0,3,15.0,65.0,0.8,55.0,0.0,1650.0,62.5,37.5,0.0,0.0,2.5,1.0,40.0,4,96.8,0,1
10,2,0,2,1,0,2,2,1,1,1,2,4,3,3,0,50.0,43.0,8,14.0,74.0,0.6,20.0,2.2,1800.0,56.2,41.6,0.0,0.0,3.0,1.0,38.0,4,96.9,0,1
68,1,0,2,1,0,0,0,1,1,2,3,2,3,1,0,50.0,47.0,3,16.2,74.0,0.8,28.0,10.8,2000.0,53.4,35.8,0.0,0.0,2.5,1.3,30.0,4,100.0,0,1
68,1,0,2,1,0,0,0,1,1,2,3,2,3,1,0,50.0,47.0,8,16.0,92.0,0.8,35.0,0.0,1800.0,68.0,32.0,1.0,0.0,2.6,1.2,30.0,4,100.0,0,1
62,1,0,1,1,0,0,0,1,1,2,3,3,2,1,0,32.5,47.0,8,16.1,88.0,0.3,28.0,0.0,2189.0,62.5,37.5,0.0,0.0,2.4,0.8,30.0,4,100.0,0,0
62,1,0,1,1,0,0,0,1,1,2,3,3,2,1,0,32.5,47.0,3,20.0,79.0,0.3,29.0,0.0,2189.0,58.1,41.9,5.0,0.0,2.5,1.2,30.0,4,100.0,0,0
42,1,0,2,1,0,2,0,1,1,2,3,3,3,3,0,70.0,43.0,10,18.1,78.0,0.5,28.0,14.4,2125.0,48.1,37.5,5.0,0.0,3.0,0.9,33.0,4,100.0,0,0
42,1,0,2,1,0,2,0,1,1,2,3,3,3,3,0,70.0,43.0,6,16.0,77.0,0.8,28.0,15.9,2125.0,46.5,37.6,3.0,0.0,1.8,0.6,33.0,4,100.0,0,0
62,1,0,1,1,0,0,0,1,1,2,3,3,2,1,0,40.0,47.0,3,16.5,78.0,0.8,24.0,0.0,2189.0,58.8,41.2,0.0,0.0,2.0,0.8,30.0,4,100.0,0,0
68,1,0,2,1,0,0,0,1,1,2,3,2,3,1,0,32.5,45.0,6,14.0,94.0,0.6,25.0,0.0,1800.0,66.7,33.3,0.0,0.0,2.1,1.0,30.0,4,100.0,0,1
62,1,0,1,1,0,0,0,1,1,1,3,2,2,1,1,40.0,47.0,8,15.0,88.0,0.5,34.0,0.0,1700.0,62.5,37.5,0.0,0.0,0.0,0.0,30.0,4,100.0,0,1
51,2,0,2,1,0,2,2,1,1,2,0,0,1,3,1,40.0,46.0,10,15.0,70.0,0.8,50.0,0.0,1800.0,53.9,46.1,0.0,0.0,2.5,1.0,40.0,4,100.0,0,1
51,2,0,2,1,0,2,2,1,1,1,0,0,1,3,1,40.0,50.0,6,14.0,70.0,0.8,45.0,0.0,1800.0,60.2,39.8,0.0,0.0,2.5,1.0,40.0,4,100.0,0,1
63,2,0,2,1,0,2,2,1,1,1,2,4,3,3,1,45.0,41.0,3,15.0,78.0,0.8,20.0,14.6,1800.0,48.5,36.9,0.0,0.0,2.5,1.0,34.0,4,100.0,0,0
61,1,0,2,1,0,2,0,1,1,2,2,6,2,3,0,45.0,42.0,3,14.0,75.0,1.0,20.0,11.2,1800.0,51.0,37.8,8.0,0.0,2.5,1.0,35.0,4,100.0,0,0
61,1,0,2,1,0,2,0,1,1,2,2,6,2,3,1,45.0,42.0,12,14.0,75.0,1.0,20.0,0.0,1800.0,58.9,41.1,8.0,0.0,3.0,2.0,35.0,4,100.0,0,0
46,1,0,0,1,0,2,0,1,1,2,2,7,3,4,0,45.0,41.0,12,15.8,78.0,1.0,40.0,0.0,2300.0,62.5,37.5,4.0,0.0,2.5,1.4,35.0,4,100.0,0,0
46,1,0,0,1,0,2,0,1,1,2,2,7,3,4,0,45.0,41.0,3,14.6,74.0,1.0,32.0,21.0,2300.0,47.6,31.4,4.0,0.0,2.5,1.1,35.0,4,96.8,0,0
63,2,0,2,1,0,2,2,1,1,2,2,4,3,3,0,45.0,42.0,15,14.8,72.0,0.6,20.0,0.0,1800.0,58.8,41.2,0.0,0.0,2.5,0.9,34.0,4,106.2,0,0
48,2,0,2,1,0,2,2,1,1,2,3,2,3,2,0,50.0,42.0,8,16.0,88.0,0.8,33.0,11.5,1650.0,52.1,36.4,0.0,0.0,2.5,1.0,38.0,4,106.2,0,0
48,2,0,2,1,0,2,2,1,1,1,3,2,3,2,0,50.0,42.0,10,17.0,88.0,0.8,30.0,0.0,1600.0,62.5,27.5,5.0,0.0,2.6,1.0,38.0,4,106.2,0,1
48,2,0,2,1,0,2,1,1,1,2,3,2,3,2,0,50.0,42.0,6,15.0,90.0,1.0,35.0,0.0,1650.0,55.5,44.5,0.0,0.0,2.5,1.0,38.0,4,100.0,0,1
63,2,0,2,1,0,2,2,1,1,2,2,4,3,3,2,50.0,42.0,14,15.5,73.0,0.6,20.0,3.6,1800.0,60.2,36.2,0.0,0.0,2.5,0.9,34.0,4,106.2,0,0
5,2,0,2,0,0,2,1,1,1,2,3,2,1,3,0,45.0,43.0,10,20.0,84.0,0.6,33.0,5.8,1200.0,55.6,38.6,0.0,0.0,2.5,0.5,40.0,4,106.2,0,1
26,1,0,2,1,0,0,2,1,1,1,2,5,3,1,0,45.0,42.0,10,15.0,70.0,0.8,40.0,0.0,1500.0,58.8,41.2,3.0,0.0,2.0,1.0,30.0,4,100.0,0,1
60,2,0,2,1,0,2,2,1,1,2,3,3,2,3,0,40.0,42.0,3,12.7,84.0,0.5,32.0,0.0,1750.0,62.5,37.5,0.0,0.0,2.5,0.9,40.0,4,100.0,0,0
31,2,0,2,1,0,2,2,1,1,2,2,4,3,0,0,40.0,42.0,12,15.5,64.0,0.6,20.0,10.5,1550.0,52.6,36.9,0.0,0.0,2.0,0.6,40.0,4,106.2,0,0
31,2,0,2,1,0,2,2,1,1,2,2,4,3,0,0,40.0,42.0,12,16.0,78.0,0.6,20.0,0.0,1550.0,62.5,37.5,0.0,0.0,2.5,1.0,40.0,4,106.2,0,0
1,1,0,2,1,0,2,0,1,1,1,0,0,1,3,0,32.0,42.0,6,16.0,70.0,0.6,46.0,0.0,1350.0,60.2,39.8,0.0,0.0,3.0,1.0,34.0,4,100.0,0,0
1,1,0,2,1,0,2,0,1,1,1,0,0,1,3,0,32.0,42.0,6,16.0,70.0,0.6,48.0,0.0,1350.0,63.9,36.1,0.0,0.0,3.0,1.0,34.0,4,100.0,0,0
63,2,0,2,1,0,2,2,1,1,2,2,4,3,3,0,67.5,50.0,2,16.5,73.0,0.9,20.0,18.1,1800.0,47.6,34.3,0.0,0.0,2.5,0.8,34.0,4,110.7,0,1
5,2,0,2,1,0,2,2,1,1,2,3,2,1,1,1,45.0,60.0,10,16.0,88.0,0.8,33.0,0.0,1500.0,56.8,43.2,0.0,0.0,2.9,1.1,40.0,4,103.2,0,1
60,2,0,2,1,0,2,1,1,1,1,3,3,2,3,0,42.0,42.0,8,14.5,78.0,1.0,28.0,0.0,1800.0,61.7,38.3,0.0,0.0,2.5,2.0,40.0,4,100.0,0,1
5,2,0,2,1,0,2,1,1,1,1,3,2,1,1,0,45.0,40.0,10,16.0,89.0,0.6,22.0,0.0,1300.0,60.0,40.0,1.0,0.0,2.5,1.0,40.0,4,106.4,0,1
5,2,0,2,1,0,2,1,1,1,1,3,2,1,1,0,45.0,42.0,8,14.0,89.0,0.8,26.0,0.0,1450.0,58.8,41.2,1.0,0.0,2.5,1.0,40.0,4,103.2,0,1
23,2,0,2,1,0,2,2,1,1,1,3,2,1,3,0,40.0,54.0,10,14.8,87.0,0.7,29.0,0.0,1000.0,58.8,41.2,0.0,0.0,2.9,1.0,40.0,4,106.4,0,1
5,2,0,2,1,0,2,2,1,1,1,3,2,1,1,0,45.0,42.0,14,16.0,83.0,0.6,30.0,0.0,1950.0,58.8,41.2,0.0,0.0,2.5,1.0,40.0,4,106.4,0,1
35,2,0,2,1,0,2,2,1,1,1,0,0,1,3,0,45.0,41.0,8,13.3,70.0,0.8,50.0,0.0,1700.0,60.2,39.8,0.0,0.0,3.0,0.8,38.0,4,117.8,0,0
35,2,0,2,1,0,2,2,1,1,1,0,0,1,3,0,45.0,41.0,8,13.3,70.0,0.8,50.0,0.0,1700.0,63.9,36.1,0.0,0.0,3.0,0.7,38.0,4,117.8,0,0
60,2,0,2,1,0,2,2,1,1,1,3,3,2,3,2,35.0,42.0,3,15.5,80.0,1.0,26.0,0.0,1800.0,62.5,37.5,3.0,0.0,2.5,2.0,40.0,4,100.0,0,0
63,2,0,2,1,0,2,2,1,1,2,2,4,3,3,0,65.0,50.0,3,15.1,75.0,0.6,20.0,19.0,1800.0,47.6,33.4,0.0,0.0,2.7,0.6,34.0,4,110.7,0,0
63,2,0,2,1,0,2,2,1,1,2,2,4,3,3,0,55.0,40.0,10,15.1,69.0,0.6,20.0,19.5,1450.0,44.2,36.3,0.0,0.0,2.5,0.9,34.0,4,106.4,0,0
51,2,0,2,1,0,2,2,1,1,2,3,2,1,3,1,62.0,52.0,16,15.0,78.0,0.8,28.0,5.9,1400.0,58.8,35.3,4.0,0.0,2.5,0.8,40.0,4,103.2,0,1
61,1,0,2,1,0,0,0,1,1,2,3,3,2,1,0,37.5,42.0,3,16.0,70.0,0.4,28.0,0.0,2400.0,58.8,41.2,3.0,0.0,3.0,0.8,30.0,4,106.4,0,1
23,2,0,2,1,0,2,2,1,1,2,3,2,1,3,0,40.0,54.0,8,22.2,77.0,0.6,32.0,6.2,1000.0,56.2,37.5,0.0,0.0,3.0,1.2,40.0,4,106.4,0,1
61,1,0,2,1,0,0,0,1,1,2,3,3,2,1,0,37.5,40.0,3,14.0,80.0,0.2,24.0,0.0,2400.0,58.8,41.2,2.0,0.0,2.5,0.8,30.0,4,106.4,0,0
61,1,0,2,1,0,0,0,1,1,2,3,3,2,1,0,37.5,50.0,20,15.5,95.0,0.6,26.0,0.0,2350.0,62.5,37.5,1.0,0.0,2.6,0.6,30.0,4,106.4,0,0
61,1,0,2,1,0,0,0,1,1,2,3,3,2,1,0,37.5,41.0,20,15.0,80.0,0.5,30.0,0.0,2398.0,58.8,41.2,9.0,0.0,2.5,0.7,30.0,4,106.4,0,0
4,1,0,2,1,0,0,0,1,1,2,2,6,3,1,0,50.0,40.0,10,15.0,72.0,0.8,30.0,0.0,2233.0,58.8,41.2,8.0,0.0,1.5,1.0,33.0,4,106.4,0,0
4,1,0,2,1,0,0,0,1,1,2,2,6,3,1,0,50.0,40.0,6,15.0,88.0,0.8,30.0,0.0,2233.0,58.8,41.2,8.0,0.0,3.0,1.0,33.0,4,106.4,0,0
26,1,0,2,1,0,0,0,1,1,2,2,7,3,1,2,45.0,41.0,3,16.1,74.0,1.0,30.0,0.0,1800.0,62.5,37.5,1.0,0.0,2.5,1.2,30.0,4,106.4,0,0
26,1,0,2,1,0,0,0,1,1,2,2,7,3,1,0,50.0,41.0,3,15.7,80.0,1.0,43.0,0.0,1800.0,62.5,37.5,1.0,0.0,2.5,1.5,30.0,4,106.4,0,0
26,1,0,2,1,0,0,0,1,1,2,2,5,3,1,0,30.0,41.0,12,15.5,74.0,0.8,30.0,2.5,1900.0,58.0,39.5,4.5,0.0,1.9,1.3,30.0,4,114.3,0,0
23,2,0,2,1,0,2,2,1,1,2,3,2,1,3,0,40.0,41.0,8,15.5,76.0,0.8,28.0,3.6,1750.0,60.2,36.1,4.0,0.0,3.0,1.0,40.0,4,117.8,0,0
63,2,0,2,1,0,2,2,1,1,2,2,4,3,3,1,52.0,52.0,8,16.0,78.0,0.8,30.0,14.1,1250.0,50.5,53.4,0.0,0.0,3.0,0.9,34.0,4,103.2,0,1
16,2,0,2,1,0,2,2,1,1,1,0,0,1,0,1,45.0,62.0,6,15.0,76.0,0.8,50.0,0.0,1500.0,58.8,41.2,0.0,0.0,3.0,1.2,38.0,4,103.2,0,1
26,1,0,2,1,0,0,0,1,1,1,2,5,3,0,2,40.0,58.0,3,17.0,75.0,0.1,30.0,0.0,1900.0,58.8,41.2,0.0,0.0,2.6,1.4,30.0,4,103.2,0,1
16,2,0,2,1,0,2,2,1,1,2,0,0,1,0,0,60.0,60.0,6,15.0,80.0,0.8,56.0,14.3,1380.0,47.6,38.1,0.0,0.0,3.0,1.0,38.0,4,106.4,0,0
0,1,0,2,1,0,2,0,1,1,2,3,3,1,0,1,47.5,65.0,3,14.0,80.0,0.5,27.0,11.5,1725.0,52.1,36.4,3.0,0.0,3.0,0.9,34.0,4,103.1,0,0
46,1,0,2,1,0,2,0,1,1,1,3,3,3,0,0,40.0,58.0,3,15.5,84.0,0.4,25.0,9.0,2000.0,52.8,38.2,5.0,0.0,3.0,1.1,35.0,4,103.1,0,0
46,1,0,2,1,0,2,0,1,1,2,3,3,3,0,0,40.0,58.0,8,15.0,80.0,0.2,30.9,3.2,2000.0,53.8,43.0,0.0,0.0,2.5,1.0,35.0,4,103.1,0,0
0,1,0,2,1,0,2,0,1,1,2,3,3,1,0,1,47.5,65.0,3,15.7,87.0,0.2,30.9,5.6,1725.0,55.6,38.9,3.0,0.0,3.0,0.8,34.0,4,103.1,0,0
61,1,0,2,1,0,0,0,1,1,2,3,3,2,0,0,40.0,62.0,3,13.7,91.0,0.4,32.0,5.6,2300.0,55.6,38.9,2.0,0.0,2.5,1.0,33.0,4,100.0,0,0
61,1,0,2,1,0,0,0,1,1,2,3,3,2,0,0,40.0,62.0,3,14.9,80.0,0.5,28.0,3.4,2303.0,56.8,39.8,2.0,0.0,2.5,0.6,33.0,4,100.0,0,0
4,1,0,2,1,0,0,0,1,1,2,2,4,3,0,1,45.0,58.0,3,15.0,75.0,0.6,20.0,10.5,2100.0,52.6,36.8,0.0,0.0,2.5,0.7,33.0,4,103.1,0,0
4,1,0,2,1,0,0,0,1,1,2,2,4,3,0,1,45.0,58.0,3,15.0,72.0,0.6,25.0,10.5,2100.0,52.6,36.8,5.0,0.0,2.5,0.8,33.0,4,103.1,0,0
63,2,0,2,1,0,2,2,1,1,2,2,4,3,0,0,42.0,58.0,6,16.0,78.0,0.5,25.0,0.0,1800.0,58.8,41.2,5.0,0.0,2.5,1.0,34.0,4,103.1,0,0
9,1,0,2,1,0,2,0,1,1,2,0,0,1,0,0,27.5,41.0,8,17.6,80.0,0.8,50.0,3.4,1490.0,56.8,39.8,0.0,0.0,3.0,1.0,35.0,4,103.1,0,0
9,1,0,2,1,0,2,0,1,1,2,0,0,1,0,1,35.0,41.0,8,16.7,78.0,0.8,50.0,7.6,1490.0,54.3,38.0,0.0,0.0,3.0,1.0,35.0,4,106.7,0,0
16,2,0,2,1,0,2,2,1,1,2,0,0,1,0,0,60.0,60.0,3,15.0,80.0,0.8,50.0,10.4,1380.0,47.2,42.5,0.0,0.0,3.0,1.0,38.0,4,106.5,0,0
0,1,0,2,1,0,2,0,1,1,2,0,0,1,0,0,40.0,60.0,3,15.0,80.0,0.6,50.0,0.0,1400.0,58.8,41.2,0.0,0.0,3.0,0.6,34.0,4,103.1,0,0
0,0,0,2,1,0,2,0,1,1,2,0,0,1,0,0,45.0,60.0,3,15.0,80.0,0.6,50.0,6.6,1400.0,54.9,38.5,6.0,0.0,3.0,1.1,34.0,4,103.1,0,0
60,2,0,2,1,0,2,2,1,1,2,0,0,2,0,0,45.0,58.0,3,17.0,72.0,0.8,30.9,3.2,1470.0,53.8,43.0,0.0,0.0,3.0,1.0,34.0,4,100.0,0,0
62,1,0,1,1,0,0,0,1,1,1,2,5,3,0,0,40.0,62.0,10,16.1,82.0,0.8,30.0,5.7,1800.0,56.8,37.5,10.0,0.0,0.7,0.5,30.0,4,106.5,0,0
62,1,0,1,1,0,0,0,1,1,1,2,5,3,0,1,40.0,62.0,6,16.1,78.0,0.6,25.0,5.5,1800.0,55.0,39.5,0.0,0.0,1.6,1.5,30.0,4,103.2,0,0
67,1,0,2,1,0,0,0,1,1,2,2,5,3,0,0,45.0,57.0,6,15.0,88.0,0.6,30.0,10.4,1900.0,52.1,37.5,0.0,0.0,2.5,1.8,30.0,4,100.0,0,0
67,1,0,2,1,0,0,0,1,1,2,2,5,3,0,1,40.0,59.0,10,16.4,85.0,0.8,30.0,0.0,1900.0,58.8,41.2,10.0,0.0,2.0,0.8,30.0,4,96.9,0,0
57,1,0,2,1,0,0,0,1,1,2,2,7,3,0,0,35.0,59.0,3,16.1,82.0,0.7,28.0,0.0,2500.0,58.8,41.2,0.0,0.0,2.5,1.3,30.0,4,100.0,0,0
57,1,0,2,1,0,0,0,1,1,2,2,7,3,0,0,35.0,59.0,3,16.1,84.0,0.7,30.0,0.0,2500.0,55.0,45.0,0.0,0.0,2.5,1.1,30.0,4,100.0,0,0
32,1,0,2,1,0,0,0,1,1,2,3,3,2,0,1,42.5,47.0,3,16.2,78.0,0.8,30.0,0.0,2100.0,56.2,43.8,0.0,0.0,2.5,1.2,33.0,4,110.0,0,1
3,2,0,2,1,0,2,2,1,1,1,3,2,1,0,0,40.0,68.0,3,14.8,90.0,1.0,30.0,0.0,1440.0,58.8,41.2,0.0,0.0,2.5,1.0,40.0,4,103.1,0,1
46,1,0,2,1,0,2,0,1,1,2,3,3,3,0,0,40.0,60.0,3,15.0,85.0,1.0,25.0,6.9,2100.0,54.0,39.1,0.0,0.0,2.5,1.2,35.0,4,103.1,0,1
34,2,0,2,1,0,2,2,1,1,2,3,3,1,0,1,50.0,65.0,20,16.0,80.0,0.5,28.0,12.5,1550.0,50.0,37.5,0.0,0.0,2.5,1.5,34.0,4,106.4,0,1
34,2,0,2,1,0,2,2,1,1,1,3,3,1,0,0,50.0,60.0,8,16.0,78.0,0.5,28.0,4.5,1520.0,53.0,42.0,0.0,0.0,2.5,1.5,34.0,4,106.2,0,1
4,1,0,2,1,0,0,0,1,1,2,3,2,3,0,0,40.0,63.0,6,15.8,80.0,0.8,30.0,10.5,2000.0,52.6,36.9,0.0,0.0,3.0,1.0,33.0,4,109.7,0,1
67,1,0,2,1,0,0,0,1,1,2,3,2,1,0,0,40.0,60.0,3,14.5,85.0,1.0,35.0,0.0,1250.0,58.8,41.2,2.5,0.0,1.5,1.0,30.0,4,100.0,0,1
9,1,0,2,1,0,2,0,1,1,2,3,2,1,0,0,40.0,69.0,3,14.5,76.0,0.6,22.0,0.0,1250.0,58.8,41.2,1.0,0.0,2.5,1.0,35.0,4,100.0,0,1
67,1,0,2,1,0,0,0,1,1,1,3,2,1,0,0,45.0,61.0,3,14.0,98.0,0.8,30.0,0.0,1600.0,58.8,41.2,2.0,0.0,2.4,0.9,30.0,4,100.0,0,1
9,1,0,2,1,0,2,0,1,1,1,3,3,1,0,0,55.0,61.0,9,21.0,78.0,1.0,28.0,0.0,1500.0,58.8,41.2,3.0,0.0,2.5,0.7,35.0,4,100.0,0,1
32,1,0,2,1,0,0,0,1,1,2,3,3,2,0,1,42.5,52.0,3,16.0,82.0,0.8,30.0,0.0,2150.0,58.8,41.2,0.0,0.0,2.5,1.0,33.0,4,110.0,0,1
16,2,0,2,1,0,2,1,1,1,1,3,3,1,0,1,50.0,47.0,3,15.0,80.0,0.6,28.0,0.0,1750.0,59.0,41.0,0.0,0.0,1.0,1.0,38.0,4,91.9,0,1
51,2,0,2,1,0,2,2,1,1,2,3,3,1,0,0,45.0,44.0,3,14.3,78.0,0.2,32.0,0.0,1650.0,56.8,43.2,3.0,0.0,2.5,2.5,40.0,4,100.0,0,1
51,1,0,2,1,0,2,2,1,1,2,3,3,1,0,1,45.0,43.0,3,15.2,78.0,0.8,32.0,8.2,1500.0,51.0,40.8,2.0,0.0,2.7,1.8,40.0,4,106.2,0,1
51,2,0,2,1,0,2,2,1,1,2,3,3,1,0,1,55.0,44.0,3,15.0,70.0,0.6,28.0,8.2,1700.0,51.0,40.8,0.0,0.0,2.5,2.0,40.0,4,100.0,0,1
62,1,0,1,1,0,0,0,1,1,2,3,3,1,0,0,40.0,38.0,20,16.5,85.0,0.6,30.0,4.3,1900.0,53.2,42.5,0.0,0.0,3.0,1.0,30.0,4,103.1,0,1
62,1,0,1,1,0,0,0,1,1,0,3,3,3,0,0,40.0,40.0,20,15.7,85.0,0.3,27.0,4.3,2050.0,53.2,42.5,1.0,0.0,2.5,1.5,30.0,4,103.1,0,1
62,1,0,1,1,0,0,0,1,1,2,3,3,3,0,1,40.0,40.0,10,14.9,75.0,0.6,28.0,4.3,2000.0,53.2,42.5,4.0,0.0,2.5,1.5,30.0,4,117.9,0,1
63,2,0,2,1,0,2,2,1,1,2,2,4,3,0,1,40.0,47.0,3,14.5,85.0,0.8,25.0,10.5,1850.0,52.6,36.9,2.0,0.0,0.0,0.0,34.0,4,110.0,0,1
11,1,0,2,1,0,0,0,1,1,2,2,4,3,0,1,40.0,49.0,10,17.0,75.0,0.6,30.0,0.0,1600.0,58.8,41.2,0.0,0.0,2.5,0.6,33.0,4,109.6,0,1
60,2,0,2,1,0,2,2,1,1,2,0,0,2,0,1,47.5,58.0,5,13.1,70.0,0.7,55.0,10.0,1660.0,50.0,40.0,0.0,0.0,2.9,1.0,34.0,4,96.9,0,1
45,2,0,2,1,0,2,1,1,1,2,3,3,3,0,0,50.0,40.0,3,15.2,78.0,1.0,24.0,0.0,1850.0,58.8,41.2,0.0,0.0,2.9,1.1,40.0,4,103.1,0,1
64,2,0,2,1,0,2,2,1,1,1,0,0,1,0,1,40.0,65.0,3,15.0,80.0,0.6,50.0,10.4,1640.0,47.2,42.4,1.0,0.0,3.0,1.5,32.0,4,103.1,0,1
20,1,0,2,1,0,0,0,1,1,2,2,5,3,0,0,30.0,50.9,10,17.0,78.0,0.8,30.0,0.0,1700.0,58.8,41.2,0.0,0.0,2.5,1.2,30.0,4,106.2,0,1
20,2,0,2,1,0,0,0,1,1,2,2,5,3,0,0,30.0,40.0,3,14.0,73.0,0.6,30.0,0.0,1800.0,58.8,41.2,0.0,0.0,0.0,0.0,30.0,4,100.0,0,1
16,2,0,2,1,0,2,2,1,1,2,0,0,1,0,1,50.0,62.0,8,11.2,80.0,0.7,50.0,0.0,1570.0,58.8,41.2,0.0,0.0,3.0,1.0,38.0,4,103.2,0,1
60,2,0,2,1,0,2,2,1,1,2,0,0,2,0,0,45.0,63.0,8,15.0,80.0,0.8,50.0,0.0,1470.0,58.8,41.2,2.0,0.0,3.0,1.0,34.0,4,100.0,0,1
64,2,0,2,1,0,2,2,1,1,1,0,0,1,0,1,37.5,65.0,3,16.0,80.0,0.6,50.0,6.6,1640.0,54.9,38.5,3.0,0.0,3.0,1.0,32.0,4,103.1,0,1
46,1,0,2,1,0,2,0,1,1,2,2,4,3,0,0,40.0,39.0,3,15.0,83.0,0.6,30.0,0.0,2000.0,58.1,41.9,1.0,0.0,2.5,0.6,35.0,4,100.0,0,1
46,1,0,2,1,0,2,0,1,1,2,2,4,3,0,1,40.0,39.0,3,15.0,72.0,0.4,30.0,0.0,2000.0,58.1,41.9,1.0,0.0,2.5,0.3,35.0,4,109.9,0,1
63,2,0,2,1,0,2,2,1,1,2,2,4,3,0,0,40.0,59.0,7,15.0,80.0,0.8,40.0,13.3,1750.0,51.0,35.7,0.0,0.0,2.2,0.7,34.0,4,100.0,0,1
9,1,0,0,0,0,2,0,1,0,0,3,2,0,0,0,30.0,50.0,6,16.1,79.0,0.6,25.0,5.8,1400.0,55.6,38.6,1.3,0.0,2.5,1.0,34.8,4,106.0,0,1
31,2,0,0,0,0,2,0,1,0,2,2,4,0,0,1,40.0,40.0,10,14.5,72.0,0.6,34.0,5.8,1620.0,55.6,38.6,1.3,0.0,2.5,1.3,34.8,4,102.0,0,1
46,1,0,0,0,0,2,0,1,0,1,2,4,0,0,1,45.0,36.0,20,14.0,76.0,0.6,20.0,5.8,1700.0,55.6,38.6,1.3,0.0,2.0,0.9,34.8,4,100.0,0,1
55,1,0,0,0,0,2,0,1,0,0,3,3,3,0,0,40.0,40.0,10,15.5,75.0,0.8,25.0,5.8,1100.0,55.6,38.6,1.3,0.0,2.5,1.0,34.8,4,102.9,0,1
68,1,0,0,0,0,0,0,1,0,2,2,5,3,0,0,35.0,42.0,3,15.0,78.0,0.6,40.0,5.8,1750.0,55.6,38.6,1.3,0.0,2.3,1.0,34.8,4,103.0,0,1
57,1,0,0,0,0,0,0,1,0,2,3,2,3,0,0,55.0,51.0,7,16.4,78.0,0.5,29.0,5.8,1800.0,55.6,38.6,1.3,0.0,1.5,1.0,34.8,4,100.0,0,1
57,1,0,0,0,0,0,0,1,0,2,2,4,3,0,0,35.0,48.0,8,16.0,72.0,0.8,20.0,5.8,1650.0,55.6,38.6,1.3,0.0,1.5,1.1,34.8,4,83.3,0,1
57,1,0,0,0,0,0,0,1,0,2,3,3,3,0,0,47.5,50.0,3,17.0,70.0,0.5,30.0,5.8,2000.0,55.6,38.6,1.3,0.0,2.2,0.7,34.8,4,103.2,0,1
62,1,0,0,0,0,0,0,1,0,2,2,5,3,0,1,40.0,52.0,20,13.5,85.0,0.8,30.0,5.8,1900.0,55.6,38.6,1.3,0.0,0.0,0.0,34.8,4,94.4,0,1
61,1,0,0,0,0,2,0,1,0,2,2,6,2,0,1,47.5,53.0,6,17.0,80.0,0.6,20.0,5.8,1850.0,55.6,38.6,1.3,0.0,2.0,1.5,34.8,4,105.7,0,1
61,1,0,0,0,0,2,0,1,0,2,3,3,2,0,0,50.0,56.0,10,15.0,80.0,0.2,26.0,5.8,1950.0,55.6,38.6,1.3,0.0,2.5,1.5,34.8,4,102.9,0,1
22,2,0,0,0,0,2,2,1,0,0,2,5,3,0,1,55.0,56.0,10,21.0,80.0,0.9,35.0,5.8,1650.0,55.6,38.6,1.3,0.0,2.1,0.6,34.8,4,100.0,0,1
22,2,0,0,0,0,2,2,1,0,2,2,5,3,0,0,55.0,54.0,10,17.5,82.0,0.8,28.0,5.8,1600.0,55.6,38.6,1.3,0.0,2.5,1.0,34.8,4,102.9,0,1
62,1,0,0,0,0,2,2,1,0,2,2,5,3,0,0,40.0,57.0,10,16.0,86.0,0.8,30.0,5.8,1700.0,55.6,38.6,1.3,0.0,2.5,1.0,34.8,4,102.9,0,1
61,1,0,0,0,0,0,0,1,0,2,3,3,2,0,0,35.0,56.0,8,15.1,81.0,0.8,32.0,5.8,2000.0,55.6,38.6,1.3,0.0,2.5,1.0,34.8,4,102.9,0,1
46,0,0,0,0,0,2,0,1,0,2,2,4,2,0,0,50.0,66.0,10,14.8,80.0,0.6,30.0,5.8,1840.0,55.6,38.6,1.3,0.0,2.5,1.0,34.8,4,100.0,0,1
51,2,0,0,0,0,2,2,1,0,2,3,2,1,0,1,50.0,67.0,10,14.5,86.0,0.8,22.0,5.8,1300.0,55.6,38.6,1.3,0.0,2.5,2.0,34.8,4,102.8,0,1
39,0,0,0,0,0,0,0,1,0,1,0,3,1,0,0,45.0,62.0,12,14.5,84.0,0.7,23.0,5.8,1200.0,55.6,38.6,1.3,0.0,2.5,1.0,34.8,4,103.2,0,1
46,0,0,0,0,0,1,2,1,0,2,2,4,3,0,0,45.0,63.0,6,15.5,79.0,0.6,35.0,5.8,1760.0,55.6,38.6,1.3,0.0,2.4,1.0,34.8,4,106.2,0,1
34,0,0,0,0,0,0,0,1,0,2,0,3,1,0,0,45.0,67.0,11,15.1,80.0,0.8,28.0,5.8,1780.0,55.6,38.6,1.3,0.0,2.5,1.0,34.8,4,106.2,0,1
46,0,0,0,0,0,1,2,1,0,2,2,4,2,0,1,45.0,50.0,12,15.7,82.0,0.7,30.0,5.8,1850.0,55.6,38.6,1.3,0.0,2.4,1.0,34.8,4,103.2,0,1
46,0,0,0,0,0,1,2,1,0,2,2,4,2,0,1,45.0,60.0,11,15.0,82.0,0.5,22.0,5.8,1800.0,55.6,38.6,1.3,0.0,2.5,1.0,34.8,4,96.8,0,1
46,0,0,0,0,0,1,2,1,0,2,2,4,2,0,1,45.0,60.0,8,14.8,80.0,0.6,25.0,5.8,1850.0,55.6,38.6,1.3,0.0,2.5,1.0,34.8,4,96.9,0,1
46,0,0,0,0,0,1,2,1,0,2,2,4,2,0,2,45.0,56.0,11,14.1,82.0,0.6,40.0,5.8,1800.0,55.6,38.6,1.3,0.0,2.5,0.9,34.8,4,96.9,0,1
40,0,0,0,0,0,1,2,1,0,0,0,3,1,0,1,45.0,56.0,14,15.1,78.0,0.5,29.0,5.8,1320.0,55.6,38.6,1.3,0.0,2.5,1.0,34.8,4,96.9,0,1
9,0,0,0,0,0,1,2,1,0,2,0,3,1,0,1,45.0,47.0,4,15.0,85.0,0.5,24.0,5.8,1470.0,55.6,38.6,1.3,0.0,1.8,1.7,34.8,4,96.9,0,1
65,0,0,0,0,0,1,2,1,0,2,2,4,3,0,1,45.0,55.0,14,15.5,76.0,0.8,30.0,5.8,1750.0,55.6,38.6,1.3,0.0,2.5,1.2,34.8,4,96.9,0,1
39,0,0,0,0,0,1,1,1,0,2,0,3,1,0,0,45.0,53.0,11,14.2,72.0,1.0,28.0,5.8,1600.0,55.6,38.6,1.3,0.0,2.7,1.5,34.8,4,106.1,0,1
39,0,0,0,0,0,1,1,1,0,2,0,3,1,0,0,45.0,39.0,11,15.1,71.0,0.6,30.0,5.8,1700.0,55.6,38.6,1.3,0.0,2.5,1.5,34.8,4,106.1,0,1
51,0,0,0,0,0,0,0,1,0,2,0,3,1,0,1,45.0,46.0,11,17.0,80.0,0.2,25.0,5.8,1700.0,55.6,38.6,1.3,0.0,2.5,1.5,34.8,0,117.7,2,1
61,0,0,0,0,0,1,2,0,0,2,0,2,2,0,0,45.0,35.0,11,16.2,88.0,0.5,28.0,5.8,1750.0,55.6,38.6,1.3,0.0,2.3,1.0,34.8,4,106.0,0,1
44,0,0,0,0,0,0,0,0,0,2,3,0,2,0,0,45.0,40.0,12,14.5,70.0,0.8,60.0,5.8,1250.0,55.6,38.6,1.3,0.0,2.0,1.5,34.8,4,112.5,0,1
18,0,0,0,0,0,0,0,0,0,2,3,0,1,0,1,45.0,39.0,11,16.0,72.0,0.8,50.0,5.8,1350.0,55.6,38.6,1.3,0.0,2.5,2.2,34.8,4,106.6,2,1
9,0,0,0,0,0,1,1,0,0,2,0,2,1,0,1,45.0,40.0,11,16.5,84.0,0.6,26.0,5.8,1565.0,55.6,38.6,1.3,0.0,2.5,1.0,34.8,4,106.6,2,1
46,0,0,0,0,0,1,2,0,0,2,2,4,3,0,0,45.0,44.0,0,16.2,74.0,0.8,30.0,5.8,2200.0,55.6,38.6,1.3,0.0,2.8,0.8,34.8,4,106.6,2,1
62,0,0,0,0,0,2,2,0,0,2,0,3,3,0,0,45.0,47.0,6,16.5,86.0,0.2,30.9,5.8,1750.0,55.6,38.6,1.3,0.0,2.1,2.1,34.8,4,109.6,2,1
26,0,0,0,0,0,2,2,0,0,2,2,5,3,0,0,45.0,45.0,4,17.0,84.0,0.8,27.0,5.8,1865.0,55.6,38.6,1.3,0.0,1.5,0.7,34.8,4,109.1,2,1
51,0,0,0,0,0,0,0,0,0,2,0,3,1,0,1,45.0,52.0,4,16.0,75.0,0.3,25.0,5.8,1500.0,55.6,38.6,1.3,0.0,2.5,0.6,34.8,4,109.1,0,1
46,0,0,0,0,0,2,2,0,0,0,0,3,3,0,1,45.0,50.9,11,15.0,80.0,0.5,30.0,5.8,2020.0,55.6,38.6,1.3,0.0,2.9,0.5,34.8,4,110.3,0,1
46,0,0,0,0,0,1,2,0,0,2,2,6,3,0,1,45.0,54.0,11,16.5,88.0,0.8,25.0,5.8,1850.0,55.6,38.6,1.3,0.0,3.0,2.0,34.8,4,107.1,2,1
51,0,0,0,0,0,0,0,0,0,2,0,2,1,0,1,45.0,56.0,11,14.0,91.0,1.1,27.0,5.8,1650.0,55.6,38.6,1.3,0.0,3.0,1.5,34.8,4,100.0,2,1
62,0,0,0,0,0,0,0,0,0,2,0,2,1,0,1,45.0,50.0,4,16.5,74.0,0.6,34.0,5.8,1750.0,55.6,38.6,1.3,0.0,2.6,1.0,34.8,4,103.1,2,1
39,0,0,0,0,0,0,0,0,0,2,0,3,1,0,1,45.0,56.0,4,17.0,75.0,0.8,25.0,5.8,1600.0,55.6,38.6,1.3,0.0,2.0,1.0,34.8,4,103.1,2,1
62,0,0,0,0,0,0,0,0,0,2,0,2,1,0,0,45.0,55.0,4,17.0,95.0,0.6,27.0,5.8,1600.0,55.6,38.6,1.3,0.0,2.5,1.0,34.8,4,106.2,0,1
42,0,0,0,0,0,1,2,0,0,2,2,4,3,0,1,45.0,54.0,8,15.5,80.0,0.8,40.0,5.8,2000.0,55.6,38.6,1.3,0.0,1.8,1.3,34.8,4,107.1,3,1
66,0,0,0,0,0,1,2,0,0,0,2,5,3,0,1,45.0,54.0,20,15.5,78.0,0.8,30.0,5.8,2100.0,55.6,38.6,1.3,0.0,1.2,1.0,34.8,4,97.0,0,1
46,0,0,0,0,0,1,0,0,0,2,2,7,3,0,0,45.0,53.0,20,17.0,73.0,0.8,35.0,5.8,2100.0,55.6,38.6,1.3,0.0,2.6,1.3,34.8,4,113.3,0,1
25,0,0,0,0,0,2,2,0,0,1,2,7,3,0,1,45.0,50.9,20,16.0,83.0,0.7,28.0,5.8,2400.0,55.6,38.6,1.3,0.0,2.5,1.0,34.8,4,112.5,0,1
25,0,0,0,0,0,2,2,0,0,2,2,7,3,0,1,45.0,60.0,20,14.9,76.0,1.0,30.0,5.8,2500.0,55.6,38.6,1.3,0.0,0.5,0.5,34.8,4,112.5,0,1
46,0,0,0,0,0,1,2,0,0,0,2,6,3,0,0,45.0,56.0,11,18.3,80.0,1.0,32.0,5.8,1900.0,55.6,38.6,1.3,0.0,2.4,1.0,34.8,4,110.0,0,1
46,0,0,0,0,0,1,2,0,0,0,2,6,3,0,0,45.0,52.0,20,18.0,82.0,1.0,25.0,5.8,1880.0,55.6,38.6,1.3,0.0,1.0,1.0,34.8,4,112.5,0,1
8,0,0,0,0,0,1,0,0,0,2,0,2,3,0,0,45.0,50.9,4,16.1,76.0,0.5,34.0,5.8,2100.0,55.6,38.6,1.3,0.0,0.0,0.0,34.8,4,110.0,0,1
46,0,0,0,0,0,1,0,0,0,0,2,6,3,0,0,45.0,50.9,11,16.5,70.0,1.0,34.0,5.8,1903.0,55.6,38.6,1.3,0.0,2.7,2.8,34.8,4,108.0,0,1
46,0,0,0,0,0,1,2,0,0,0,2,7,3,0,0,45.0,46.0,8,16.4,76.0,1.0,34.0,5.8,1903.0,55.6,38.6,1.3,0.0,1.5,2.3,34.8,4,108.0,0,1
8,0,0,0,0,0,1,2,0,0,2,0,2,3,0,0,45.0,46.0,4,14.2,75.0,0.8,25.0,5.8,2050.0,55.6,38.6,1.3,0.0,2.5,1.0,34.8,4,108.1,0,1
